year,player,pos,age,team_id,g,mp,per,ts_pct,fg3a_per_fga_pct,fta_per_fga_pct,orb_pct,drb_pct,trb_pct,ast_pct,stl_pct,blk_pct,tov_pct,usg_pct,ws-dum,ows,dws,ws,ws_per_48,bpm-dum,obpm,dbpm,bpm,vorp
2020,Steven Adams,C,26,OKC,54,1455,21.3,.608,.007,.398,14.5,23.8,19.3,13.9,1.5,3.6,13.7,17.4,,3.7,2.2,5.9,.196,,2.3,1.2,3.5,2.0
2020,Bam Adebayo,PF,22,MIA,60,2063,20.8,.610,.020,.488,8.6,24.9,17.1,23.2,1.8,3.7,17.2,20.5,,4.5,3.2,7.7,.179,,1.8,2.0,3.8,3.0
2020,LaMarcus Aldridge,C,34,SAS,52,1717,19.9,.573,.199,.243,6.4,18.0,12.2,11.5,0.9,4.3,7.9,23.3,,3.2,1.4,4.5,.127,,1.9,-0.6,1.4,1.5
2020,Nickeil Alexander-Walker,SG,21,NOP,41,501,7.6,.441,.515,.123,1.7,15.2,8.4,20.4,1.0,1.2,14.3,22.9,,-0.7,0.3,-0.4,-0.036,,-3.4,-1.5,-4.9,-0.4
2020,Grayson Allen,SG,24,MEM,30,498,11.4,.577,.517,.199,1.1,12.8,7.0,11.8,0.6,0.2,10.7,17.9,,0.5,0.2,0.7,.065,,-1.0,-1.7,-2.6,-0.1
2020,Jarrett Allen,C,21,BRK,59,1541,20.7,.662,.013,.578,12.3,25.0,18.9,8.1,1.1,4.4,11.7,14.9,,4.2,2.6,6.9,.214,,1.2,1.2,2.5,1.7
2020,Kadeem Allen,SG,27,NYK,10,117,14.1,.512,.364,.250,1.8,6.6,4.1,27.3,2.1,1.6,14.1,20.6,,0.1,0.1,0.1,.053,,-0.1,-0.6,-0.7,0.0
2020,Al-Farouq Aminu,PF,29,ORL,18,380,7.7,.395,.419,.337,6.5,18.3,12.2,7.4,2.3,1.9,14.7,13.2,,-0.4,0.5,0.1,.017,,-4.6,1.4,-3.2,-0.1
2020,Justin Anderson,SF,26,BRK,3,17,-3.8,.218,.500,.333,0.0,11.8,6.1,0.0,0.0,4.8,0.0,16.9,,-0.1,0.0,-0.1,-0.169,,-12.7,-2.3,-15.0,-0.1
2020,Kyle Anderson,PF,26,MEM,54,1017,13.2,.541,.195,.231,5.1,18.6,12.0,15.4,2.0,2.2,14.5,13.2,,0.8,1.2,2.0,.094,,-1.3,1.8,0.5,0.6
2020,Ryan Anderson,PF,31,HOU,2,14,9.6,.357,.714,.000,0.0,52.3,26.1,20.0,3.3,0.0,12.5,23.6,,0.0,0.0,0.0,-0.028,,-4.0,0.7,-3.3,0.0
2020,Giannis Antetokounmpo,PF,25,MIL,53,1633,32.0,.612,.237,.515,8.0,34.0,21.9,33.8,1.5,3.0,13.3,37.5,,5.5,4.4,9.9,.291,,7.5,3.9,11.4,5.5
2020,Kostas Antetokounmpo,PF,22,LAL,3,5,8.6,,,,0.0,21.4,10.9,22.4,0.0,0.0,,0.0,,0.0,0.0,0.0,.135,,1.3,3.0,4.3,0.0
2020,Thanasis Antetokounmpo,SF,27,MIL,16,70,15.2,.546,.138,.310,10.6,6.6,8.5,12.5,2.6,1.2,15.4,23.0,,0.0,0.1,0.2,.114,,-3.4,1.2,-2.2,0.0
2020,Carmelo Anthony,PF,35,POR,45,1476,12.0,.511,.290,.196,4.1,16.0,10.1,6.5,1.2,1.2,10.6,21.7,,-0.1,0.8,0.7,.023,,-2.1,-1.8,-3.9,-0.7
2020,OG Anunoby,SF,22,TOR,58,1710,12.8,.585,.409,.157,4.2,14.9,9.6,7.7,2.1,2.3,12.2,14.6,,1.4,3.0,4.4,.124,,-1.0,1.8,0.7,1.2
2020,Ryan Arcidiacono,PG,25,CHI,56,887,8.5,.545,.638,.164,2.0,10.9,6.3,14.4,1.3,0.3,14.0,12.4,,0.6,0.6,1.2,.063,,-2.9,-0.2,-3.1,-0.3
2020,Trevor Ariza,SF,34,TOT,48,1321,10.5,.577,.631,.191,2.5,16.1,9.2,8.0,2.3,0.8,13.8,11.6,,0.9,1.3,2.1,.078,,-1.9,1.2,-0.7,0.4
2020,Trevor Ariza,SF,34,SAC,32,791,9.5,.543,.739,.164,2.9,18.3,10.4,8.5,2.2,0.8,13.7,11.3,,0.3,0.9,1.2,.071,,-1.9,1.3,-0.6,0.3
2020,Trevor Ariza,SF,34,POR,16,530,12.0,.625,.479,.231,1.8,12.7,7.3,7.2,2.6,0.8,14.0,12.0,,0.6,0.4,1.0,.088,,-1.8,1.0,-0.8,0.2
2020,D.J. Augustin,PG,32,ORL,44,1098,14.0,.541,.437,.381,1.5,8.5,4.9,26.7,1.3,0.1,12.6,18.8,,1.5,0.8,2.3,.100,,-0.5,-0.7,-1.2,0.2
2020,Deandre Ayton,C,21,PHO,29,957,21.0,.576,.007,.164,13.5,26.9,20.1,10.0,1.0,4.4,12.0,24.4,,1.3,1.2,2.5,.127,,1.2,-0.4,0.8,0.7
2020,,,,,,,,,,,,,,,,,,,,,,,,,,,,
2020,Dwayne Bacon,SG,24,CHO,39,687,6.1,.419,.275,.217,2.3,13.9,7.9,11.7,1.7,0.3,12.2,19.4,,-1.2,0.4,-0.8,-0.053,,-5.9,-1.0,-6.9,-0.8
2020,Marvin Bagley,PF,20,SAC,13,334,15.8,.512,.132,.186,9.5,23.6,16.4,5.0,0.9,3.4,9.1,25.9,,0.0,0.4,0.4,.056,,-2.1,-1.3,-3.4,-0.1
2020,Lonzo Ball,PG,22,NOP,51,1636,12.9,.508,.575,.101,3.6,16.3,9.9,29.1,2.0,1.3,20.5,18.4,,0.3,1.6,1.9,.056,,-0.1,0.3,0.2,0.9
2020,Mo Bamba,C,21,ORL,55,814,17.6,.555,.364,.157,11.2,25.5,18.1,6.7,1.2,9.3,13.1,17.1,,0.7,1.6,2.3,.138,,-1.5,1.9,0.5,0.5
2020,J.J. Barea,PG,35,DAL,21,325,17.8,.557,.405,.101,3.3,10.8,7.1,37.7,0.6,0.5,15.8,25.8,,0.6,0.1,0.8,.116,,4.0,-2.6,1.3,0.3
2020,Harrison Barnes,PF,27,SAC,59,2056,13.3,.575,.342,.348,2.9,12.6,7.6,9.6,0.8,0.4,9.0,17.8,,2.8,1.1,3.9,.091,,0.0,-1.2,-1.2,0.4
2020,RJ Barrett,SG,19,NYK,50,1520,10.0,.469,.266,.345,3.2,14.8,8.8,12.4,1.4,1.0,12.8,23.6,,-1.7,0.9,-0.8,-0.025,,-3.1,-1.6,-4.7,-1.0
2020,Will Barton,SF,29,DEN,52,1714,15.7,.544,.369,.186,4.8,16.6,10.7,16.6,1.6,1.4,9.9,19.9,,2.2,1.9,4.1,.116,,1.3,0.1,1.4,1.5
2020,Keita Bates-Diop,SF,24,TOT,39,665,12.6,.541,.452,.332,3.2,14.9,8.9,6.5,1.2,2.6,5.5,15.6,,0.6,0.5,1.1,.081,,-0.7,-0.1,-0.8,0.2
2020,Keita Bates-Diop,SF,24,MIN,37,646,12.5,.535,.456,.316,3.3,15.0,9.0,6.7,1.2,2.6,5.6,15.8,,0.6,0.5,1.0,.077,,-0.7,-0.1,-0.8,0.2
2020,Keita Bates-Diop,SF,24,DEN,2,19,15.9,.931,.000,2.000,0.0,11.7,5.8,0.0,0.0,4.8,0.0,8.6,,0.1,0.0,0.1,.219,,0.0,0.1,0.1,0.0
2020,Nicolas Batum,SF,31,CHO,22,505,9.1,.463,.605,.123,5.2,16.7,10.7,18.3,1.7,1.4,20.5,9.3,,0.2,0.4,0.6,.054,,-2.8,0.8,-1.9,0.0
2020,Aron Baynes,C,33,PHO,39,831,14.8,.578,.415,.201,8.1,20.5,14.2,11.8,0.5,2.1,11.0,20.5,,1.1,0.7,1.8,.104,,-0.4,-0.6,-1.0,0.2
2020,Kent Bazemore,SF-SG,30,TOT,59,1464,9.0,.492,.474,.279,1.6,16.2,8.9,7.1,2.1,2.2,13.1,17.2,,-0.9,1.4,0.5,.016,,-3.5,0.5,-3.0,-0.4
2020,Kent Bazemore,SF,30,POR,43,1111,7.6,.475,.525,.221,1.2,14.7,8.0,7.2,1.9,2.4,14.4,15.9,,-1.0,0.9,-0.1,-0.005,,-3.6,0.4,-3.2,-0.3
2020,Kent Bazemore,SG,30,SAC,16,353,13.6,.532,.346,.423,2.8,21.0,11.6,6.7,2.8,1.9,9.9,21.2,,0.1,0.5,0.6,.079,,-3.0,0.6,-2.4,0.0
2020,Darius Bazley,PF,19,OKC,53,909,8.2,.475,.435,.204,2.6,20.6,11.9,4.3,1.1,3.3,13.8,14.1,,-0.8,1.2,0.4,.019,,-3.1,0.7,-2.4,-0.1
2020,Bradley Beal,SG,26,WAS,51,1829,23.0,.579,.364,.354,2.8,10.7,6.6,28.5,1.5,0.9,11.5,34.2,,4.2,0.3,4.5,.118,,5.2,-2.6,2.7,2.1
2020,Malik Beasley,SG,23,TOT,49,1017,12.0,.531,.539,.130,1.6,11.7,6.6,9.7,1.8,0.7,9.4,21.5,,0.2,0.9,1.1,.050,,-1.2,-1.2,-2.4,-0.1
2020,Malik Beasley,SG,23,DEN,41,746,10.5,.511,.535,.126,1.3,10.1,5.7,9.1,2.1,0.7,10.2,20.6,,-0.1,0.7,0.6,.039,,-2.2,-0.6,-2.7,-0.2
2020,Malik Beasley,SG,23,MIN,8,271,16.0,.573,.547,.137,2.3,16.1,8.9,11.1,1.0,0.6,7.5,24.2,,0.3,0.1,0.5,.080,,1.4,-2.7,-1.3,0.0
2020,Marco Belinelli,SG,33,SAS,50,752,9.9,.509,.565,.156,0.6,11.7,6.1,11.4,0.6,0.1,5.1,17.0,,0.4,0.1,0.5,.032,,-1.3,-1.9,-3.2,-0.2
2020,Jordan Bell,C-PF,25,TOT,29,256,14.0,.577,.179,.463,12.0,21.7,16.7,9.0,0.5,3.2,20.7,16.4,,0.2,0.2,0.4,.070,,-1.3,-1.1,-2.5,0.0
2020,Jordan Bell,C,25,MIN,27,235,14.1,.570,.150,.483,12.1,23.2,17.5,8.6,0.4,3.5,19.8,15.9,,0.2,0.2,0.4,.072,,-1.4,-1.1,-2.5,0.0
2020,Jordan Bell,PF,25,MEM,2,21,12.6,.635,.429,.286,10.2,5.0,7.5,12.7,2.2,0.0,27.6,21.6,,0.0,0.0,0.0,.041,,-0.6,-1.3,-2.0,0.0
2020,DeAndre' Bembry,SG,25,ATL,43,915,9.6,.500,.285,.211,4.0,14.0,8.9,12.2,2.8,1.7,19.4,14.0,,-0.5,0.8,0.2,.012,,-3.4,1.0,-2.4,-0.1
2020,Dragan Bender,SF,22,TOT,11,189,7.2,.479,.531,.102,3.3,19.9,11.8,12.7,1.0,4.2,21.5,14.5,,-0.2,0.3,0.1,.018,,-4.9,1.5,-3.3,-0.1
2020,Dragan Bender,SF,22,MIL,7,91,8.5,.582,.429,.143,0.0,20.3,10.8,12.3,0.0,4.8,18.3,12.4,,0.0,0.2,0.2,.111,,-4.2,2.8,-1.4,0.0
2020,Dragan Bender,SF,22,GSW,4,98,6.1,.398,.607,.071,6.4,19.5,12.7,13.1,1.9,3.7,23.8,16.5,,-0.2,0.1,-0.1,-0.069,,-5.5,0.3,-5.2,-0.1
2020,Dāvis Bertāns,PF,27,WAS,48,1412,15.2,.619,.763,.194,2.4,15.2,8.6,8.3,1.2,1.9,7.8,18.3,,2.6,0.4,3.0,.103,,2.5,-1.8,0.7,1.0
2020,,,,,,,,,,,,,,,,,,,,,,,,,,,,
2020,Patrick Beverley,PG,31,LAC,43,1185,13.0,.559,.611,.126,4.8,15.9,10.5,18.7,2.0,1.8,15.0,13.1,,1.5,1.8,3.4,.136,,-0.2,2.8,2.6,1.4
2020,Khem Birch,C,27,ORL,38,773,10.3,.537,.009,.593,9.3,15.7,12.4,6.2,1.0,2.4,13.9,9.3,,0.7,0.8,1.6,.097,,-3.3,0.4,-2.9,-0.2
2020,Goga Bitadze,C,20,IND,46,393,11.9,.524,.261,.261,6.2,19.8,13.1,7.3,0.6,6.9,15.3,17.5,,-0.1,0.6,0.5,.066,,-4.2,1.4,-2.8,-0.1
2020,Bismack Biyombo,C,27,CHO,50,961,16.2,.571,.000,.548,12.5,20.6,16.4,7.7,0.5,4.3,12.6,17.0,,1.4,0.8,2.2,.111,,-1.8,-0.8,-2.6,-0.1
2020,Nemanja Bjelica,PF,31,SAC,59,1687,16.0,.604,.488,.117,6.4,19.3,12.7,14.7,1.4,1.8,12.6,17.5,,3.0,1.7,4.6,.132,,1.5,0.4,1.9,1.7
2020,Eric Bledsoe,PG,30,MIL,51,1390,18.7,.582,.313,.294,3.0,13.8,8.7,28.6,1.5,1.6,15.3,24.1,,2.5,2.7,5.2,.180,,1.5,1.0,2.6,1.6
2020,Bogdan Bogdanović,SG,27,SAC,48,1358,13.6,.547,.586,.160,1.4,11.8,6.4,17.1,1.7,0.8,11.6,22.6,,0.7,1.0,1.8,.063,,0.4,-0.6,-0.2,0.6
2020,Bojan Bogdanović,SF,30,UTA,58,1932,15.7,.602,.490,.298,2.1,11.0,6.7,9.7,0.8,0.3,13.0,25.4,,2.5,1.5,4.0,.100,,1.7,-1.4,0.3,1.1
2020,Jonah Bolden,PF,24,TOT,7,47,4.9,.392,.364,.364,7.0,14.4,10.6,0.0,3.0,3.7,13.6,13.4,,-0.1,0.1,0.0,-0.005,,-8.7,-0.1,-8.9,-0.1
2020,Jonah Bolden,PF,24,PHI,4,14,-2.0,.515,.333,.667,0.0,7.8,3.9,0.0,3.5,0.0,34.0,18.1,,-0.1,0.0,0.0,-0.142,,-14.0,-0.7,-14.7,0.0
2020,Jonah Bolden,PF,24,PHO,3,33,7.9,.338,.375,.250,9.9,17.2,13.5,0.0,2.9,5.3,0.0,11.4,,0.0,0.1,0.0,.053,,-6.5,0.1,-6.4,0.0
2020,Marques Bolden,C,21,CLE,1,3,19.8,,,,0.0,74.5,37.0,0.0,16.2,0.0,,0.0,,0.0,0.0,0.0,.281,,-5.9,11.2,5.3,0.0
2020,Jordan Bone,PG,22,DET,10,53,0.8,.300,.500,.000,0.0,8.6,4.3,20.9,0.9,0.0,9.1,18.1,,-0.1,0.0,-0.1,-0.115,,-9.0,-2.9,-11.9,-0.1
2020,Isaac Bonga,SF,20,WAS,53,939,10.7,.616,.288,.341,6.6,14.4,10.4,7.7,1.7,1.8,16.3,10.3,,1.1,0.4,1.5,.078,,-2.3,-0.1,-2.4,-0.1
2020,Devin Booker,SG,23,PHO,58,2090,19.8,.617,.307,.393,1.4,11.5,6.3,29.4,1.0,0.6,15.7,29.5,,4.4,1.2,5.6,.129,,3.1,-1.4,1.7,1.9
2020,Chris Boucher,PF,27,TOR,51,673,20.0,.571,.369,.386,13.9,21.0,17.5,5.1,1.3,7.2,6.9,19.2,,1.6,1.4,3.1,.218,,0.5,1.1,1.7,0.6
2020,Brian Bowen,SG,21,IND,4,14,8.0,.400,.200,.000,0.0,23.5,11.8,0.0,0.0,6.3,0.0,15.7,,0.0,0.0,0.0,-0.009,,-4.7,1.4,-3.3,0.0
2020,Ky Bowman,PG,22,GSW,44,991,9.1,.486,.333,.130,2.5,10.5,6.4,19.8,2.1,0.9,17.2,17.3,,-0.7,0.6,-0.1,-0.005,,-4.1,-0.3,-4.5,-0.6
2020,Avery Bradley,SG,29,LAL,44,1032,8.8,.537,.423,.060,1.8,8.6,5.3,6.8,1.7,0.3,10.7,15.6,,0.2,1.2,1.4,.063,,-3.1,0.3,-2.8,-0.2
2020,Tony Bradley,C,22,UTA,45,464,20.7,.659,.007,.281,19.7,24.5,22.2,4.3,1.0,3.2,12.7,16.4,,1.5,0.7,2.2,.226,,0.3,0.1,0.4,0.3
2020,Jarrell Brantley,PF,23,UTA,3,11,9.4,,,,0.0,47.5,24.8,10.9,0.0,15.1,100.0,4.0,,0.0,0.0,0.0,.060,,-4.0,7.9,4.0,0.0
2020,Ignas Brazdeikis,SF,21,NYK,9,53,3.3,.351,.409,.227,3.9,6.2,5.0,10.7,0.0,1.8,7.6,21.0,,-0.1,0.0,-0.1,-0.109,,-5.1,-3.9,-9.0,-0.1
2020,,,,,,,,,,,,,,,,,,,,,,,,,,,,
2020,Mikal Bridges,SF,23,PHO,61,1611,13.0,.615,.386,.266,3.6,12.9,8.1,8.9,2.7,2.0,12.0,12.3,,2.0,1.9,3.9,.115,,-0.8,1.9,1.1,1.3
2020,Miles Bridges,SF,21,CHO,59,1812,12.7,.535,.399,.170,4.7,15.2,9.7,9.3,1.0,2.2,10.7,19.8,,0.6,1.1,1.8,.047,,-1.1,-1.0,-2.1,-0.1
2020,Oshae Brissett,SF,21,TOR,19,135,6.7,.458,.417,.278,7.1,13.0,10.1,7.0,1.4,0.7,14.8,15.0,,-0.1,0.2,0.1,.045,,-5.6,0.3,-5.3,-0.1
2020,Ryan Broekhoff,SG,29,DAL,17,180,13.2,.568,.864,.136,3.0,21.7,12.5,8.3,1.3,1.9,8.8,16.3,,0.2,0.2,0.4,.114,,0.5,0.3,0.8,0.1
2020,Malcolm Brogdon,PG,27,IND,46,1425,17.7,.534,.296,.241,3.1,13.7,8.4,34.7,1.1,0.5,13.7,25.2,,1.9,1.4,3.3,.112,,2.2,-0.6,1.6,1.3
2020,Dillon Brooks,SG,24,MEM,60,1714,11.4,.512,.385,.189,3.6,8.6,6.1,10.3,1.4,1.2,9.7,24.8,,-0.1,1.1,0.9,.026,,-2.6,-1.6,-4.1,-0.9
2020,Bruce Brown,SG,23,DET,56,1572,11.9,.518,.215,.276,4.1,15.1,9.5,19.8,2.0,1.5,16.8,15.9,,0.7,1.4,2.1,.064,,-2.1,0.9,-1.2,0.3
2020,Charlie Brown,SG,22,ATL,10,40,11.1,.472,.474,.263,5.3,5.4,5.4,7.3,2.3,4.2,12.4,25.1,,0.0,0.0,0.0,-0.027,,-1.1,-1.4,-2.5,0.0
2020,Jaylen Brown,SF,23,BOS,49,1667,17.1,.590,.360,.276,3.5,16.6,10.1,10.1,1.6,0.9,11.9,24.7,,2.1,2.3,4.4,.127,,1.1,-0.2,0.9,1.2
2020,Moses Brown,C,20,POR,9,33,6.8,.407,.000,.800,9.5,34.1,21.9,4.1,1.4,2.6,18.2,21.2,,-0.1,0.0,0.0,-0.062,,-8.2,-1.8,-10.0,-0.1
2020,Sterling Brown,SF,24,MIL,41,594,9.5,.482,.518,.171,4.6,19.8,12.7,8.7,1.6,0.9,13.7,16.7,,-0.3,1.2,1.0,.078,,-3.0,0.9,-2.0,0.0
2020,Troy Brown,SG,20,WAS,55,1385,14.2,.539,.281,.219,4.4,19.2,11.5,12.6,2.5,0.3,9.9,17.0,,1.3,0.9,2.2,.075,,-0.7,-0.3,-1.0,0.4
2020,Jalen Brunson,PG,23,DAL,57,1022,15.1,.553,.309,.193,2.3,11.3,6.9,26.9,1.0,0.3,13.6,20.4,,1.7,0.6,2.3,.106,,0.2,-1.1,-0.8,0.3
2020,Thomas Bryant,C,22,WAS,33,801,19.8,.646,.167,.288,8.9,23.4,15.9,12.5,0.6,3.0,12.0,18.6,,2.0,0.4,2.4,.145,,2.0,-1.2,0.8,0.6
2020,Reggie Bullock,SG,28,NYK,25,613,9.8,.499,.500,.090,2.2,8.1,5.0,8.6,2.0,0.2,6.0,16.2,,0.2,0.3,0.5,.042,,-2.6,-0.2,-2.8,-0.1
2020,Trey Burke,PG,27,PHI,25,329,15.4,.545,.299,.142,5.0,6.6,5.8,24.3,1.0,0.3,8.2,19.3,,0.6,0.3,0.9,.132,,0.6,-1.1,-0.5,0.1
2020,Alec Burks,SG,28,TOT,54,1507,15.8,.546,.375,.355,2.7,15.0,8.6,17.2,1.7,1.0,9.4,23.7,,1.7,1.0,2.7,.085,,0.4,-0.7,-0.4,0.6
2020,Alec Burks,SG,28,GSW,48,1390,16.2,.552,.373,.373,2.8,15.3,8.8,17.6,1.7,1.1,9.8,23.8,,1.7,0.9,2.5,.087,,0.7,-0.7,-0.1,0.7
2020,Alec Burks,SG,28,PHI,6,117,11.5,.475,.400,.164,1.9,12.1,7.0,12.9,1.7,0.0,4.8,22.9,,0.0,0.1,0.1,.057,,-2.8,-1.0,-3.7,-0.1
2020,Deonte Burton,SG,26,OKC,32,276,5.4,.415,.431,.118,2.5,15.5,9.2,5.7,0.9,3.1,11.5,19.4,,-0.6,0.3,-0.3,-0.056,,-5.8,-0.4,-6.2,-0.3
2020,Jimmy Butler,SF,30,MIA,50,1721,23.5,.583,.170,.678,6.3,15.3,11.0,28.2,2.4,1.7,11.6,25.5,,5.5,2.2,7.8,.217,,4.1,1.2,5.3,3.1
2020,Bruno Caboclo,SF,24,TOT,25,206,12.3,.445,.375,.069,9.8,14.7,12.3,6.5,2.7,5.9,10.8,16.8,,-0.1,0.3,0.2,.049,,-3.2,1.0,-2.2,0.0
2020,Bruno Caboclo,SF,24,MEM,22,192,11.9,.441,.362,.043,9.4,14.7,12.1,7.0,2.4,5.4,9.1,16.8,,-0.1,0.3,0.2,.046,,-3.2,0.7,-2.5,0.0
2020,Bruno Caboclo,SF,24,HOU,3,14,17.5,.515,.667,.667,14.9,14.9,14.9,0.0,6.6,12.2,34.0,17.3,,0.0,0.0,0.0,.080,,-3.2,4.6,1.4,0.0
2020,,,,,,,,,,,,,,,,,,,,,,,,,,,,
2020,Kentavious Caldwell-Pope,SG,26,LAL,58,1477,11.7,.592,.480,.211,2.7,6.3,4.5,8.9,1.6,0.7,9.9,14.9,,1.9,1.6,3.5,.114,,-0.7,0.3,-0.3,0.6
2020,Vlatko Čančar,SF,22,DEN,12,42,12.3,.507,.400,.267,13.2,13.2,13.2,9.9,1.2,2.2,15.2,20.4,,0.0,0.0,0.1,.075,,-3.4,-1.1,-4.5,0.0
2020,Clint Capela,C,25,HOU,39,1279,20.7,.626,.000,.268,13.7,30.2,21.9,5.6,1.2,4.8,12.7,16.0,,2.9,2.1,5.1,.190,,1.2,0.4,1.6,1.2
2020,DeMarre Carroll,SF,33,TOT,18,181,5.8,.441,.525,.625,5.3,19.4,12.4,11.2,1.0,1.9,22.7,15.6,,-0.3,0.1,-0.1,-0.030,,-5.4,-1.1,-6.5,-0.2
2020,DeMarre Carroll,SF,33,SAS,15,135,5.0,.437,.448,.690,5.6,19.1,12.3,10.2,0.7,1.3,20.9,15.3,,-0.2,0.1,-0.1,-0.035,,-5.9,-1.2,-7.1,-0.2
2020,DeMarre Carroll,SF,33,HOU,3,46,8.1,.455,.727,.455,4.5,20.5,12.5,14.1,2.0,3.7,27.5,16.3,,-0.1,0.1,0.0,-0.013,,-3.8,-0.7,-4.5,0.0
2020,Jevon Carter,PG,24,PHO,46,662,10.3,.528,.560,.103,3.6,10.6,7.1,12.7,2.6,1.5,13.3,13.5,,0.2,0.7,0.9,.068,,-1.7,1.2,-0.5,0.2
2020,Vince Carter,SF,43,ATL,55,797,7.5,.464,.656,.106,2.1,13.8,7.9,7.9,1.3,2.6,10.1,16.5,,-0.6,0.4,-0.2,-0.014,,-3.4,-1.0,-4.4,-0.5
2020,Wendell Carter,C,20,CHI,38,1127,16.1,.588,.089,.430,12.3,24.9,18.3,6.1,1.3,2.8,14.2,16.5,,1.7,1.4,3.1,.134,,-1.8,-0.3,-2.0,0.0
2020,Michael Carter-Williams,SG,28,ORL,37,660,15.1,.509,.265,.340,5.9,14.7,10.2,20.9,2.8,2.5,13.9,17.5,,0.5,1.0,1.5,.109,,-1.7,2.0,0.3,0.4
2020,Alex Caruso,PG,25,LAL,55,993,11.2,.540,.412,.296,1.5,10.1,5.9,12.7,2.8,1.4,13.2,13.8,,0.6,1.6,2.2,.106,,-2.3,2.4,0.0,0.5
2020,Willie Cauley-Stein,C,26,TOT,50,1051,16.9,.585,.003,.216,7.9,22.8,15.1,9.9,2.2,4.9,10.9,14.5,,1.4,1.4,2.8,.127,,-1.4,1.6,0.2,0.6
2020,Willie Cauley-Stein,C,26,GSW,41,940,16.2,.573,.000,.222,7.9,22.0,14.6,10.0,2.3,4.8,11.0,14.4,,1.0,1.2,2.2,.114,,-1.6,1.5,-0.1,0.5
2020,Willie Cauley-Stein,C,26,DAL,9,111,22.9,.682,.029,.176,8.7,29.6,19.3,9.7,1.7,6.1,9.8,15.7,,0.3,0.2,0.5,.233,,0.6,2.4,3.0,0.1
2020,Tyson Chandler,C,37,HOU,26,219,10.8,.717,.000,.722,11.9,19.6,15.8,3.4,1.3,3.1,25.2,6.0,,0.3,0.3,0.6,.133,,-2.4,1.1,-1.3,0.0
2020,Wilson Chandler,SF,32,BRK,30,633,8.3,.543,.636,.130,1.8,18.5,10.4,7.5,1.2,1.6,15.3,13.4,,-0.1,0.8,0.8,.058,,-3.5,1.2,-2.3,0.0
2020,Joe Chealey,PG,24,CHO,2,19,1.9,.000,.667,.000,0.0,0.0,0.0,6.9,7.9,0.0,0.0,6.9,,-0.1,0.0,0.0,-0.058,,-13.4,5.3,-8.1,0.0
2020,Zylan Cheatham,SF,24,NOP,3,31,0.1,.400,.200,.000,3.4,17.0,10.2,7.9,0.0,2.7,37.5,10.6,,-0.1,0.0,-0.1,-0.082,,-10.1,-0.1,-10.2,-0.1
2020,Chris Chiozza,PG,24,TOT,16,153,8.7,.378,.489,.000,0.7,13.0,6.7,29.2,3.7,1.1,21.1,15.5,,-0.2,0.2,-0.1,-0.017,,-3.8,1.7,-2.2,0.0
2020,Chris Chiozza,PG,24,WAS,10,123,9.2,.397,.471,.000,0.0,13.8,6.6,28.5,3.8,1.4,20.9,14.5,,-0.1,0.1,0.0,-0.003,,-3.5,2.1,-1.5,0.0
2020,Chris Chiozza,PG,24,BRK,6,30,6.9,.318,.545,.000,3.5,10.0,6.9,32.2,3.2,0.0,21.4,19.5,,-0.1,0.0,0.0,-0.072,,-5.0,-0.1,-5.1,0.0
2020,Marquese Chriss,PF,22,GSW,54,1051,19.1,.600,.107,.424,9.9,23.0,16.2,14.9,1.6,4.8,14.9,19.1,,1.7,1.2,2.9,.132,,-0.3,0.5,0.2,0.6
2020,Gary Clark,PF,25,TOT,31,378,10.9,.541,.863,.095,6.8,14.5,10.6,4.6,0.5,3.0,3.9,11.4,,0.5,0.3,0.8,.107,,-0.7,-1.2,-1.9,0.0
2020,Gary Clark,PF,25,HOU,18,212,11.9,.564,.864,.119,5.4,14.3,9.9,7.6,0.4,2.8,3.1,12.5,,0.4,0.2,0.6,.129,,0.5,-0.9,-0.4,0.1
2020,Gary Clark,PF,25,ORL,13,166,9.6,.502,.861,.056,8.7,14.7,11.6,0.8,0.6,3.3,5.1,10.1,,0.1,0.2,0.3,.080,,-2.1,-1.6,-3.7,-0.1
2020,Brandon Clarke,PF,23,MEM,50,1086,21.8,.670,.127,.228,7.7,20.5,14.2,10.1,1.1,3.3,9.3,19.0,,3.1,1.1,4.2,.188,,2.8,0.5,3.4,1.5
2020,Jordan Clarkson,SG,27,TOT,58,1406,18.5,.585,.468,.193,3.6,8.6,6.2,13.8,1.3,0.9,8.8,25.7,,2.6,0.8,3.4,.117,,3.2,-1.1,2.1,1.4
2020,Jordan Clarkson,SG,27,CLE,29,666,18.7,.581,.488,.264,3.5,8.1,5.8,17.1,1.2,1.0,9.7,25.8,,1.4,0.1,1.5,.109,,4.2,-1.5,2.7,0.8
2020,Jordan Clarkson,SG,27,UTA,29,740,18.3,.588,.451,.133,3.7,9.2,6.6,10.8,1.4,0.8,8.1,25.6,,1.2,0.7,1.9,.124,,2.3,-0.8,1.5,0.7
2020,Nicolas Claxton,PF,20,BRK,15,187,14.9,.577,.146,.438,10.7,13.4,12.1,12.6,0.3,3.5,13.6,14.8,,0.3,0.2,0.5,.124,,-0.7,0.1,-0.6,0.1
2020,,,,,,,,,,,,,,,,,,,,,,,,,,,,
2020,Chris Clemons,SG,22,HOU,28,246,12.7,.547,.750,.056,1.3,8.5,4.9,13.0,1.1,1.7,11.8,24.2,,0.1,0.2,0.3,.049,,0.5,-1.7,-1.2,0.1
2020,Antonius Cleveland,SG,25,DAL,6,22,3.0,.363,.167,.333,0.0,14.0,7.1,0.0,2.2,3.9,12.7,15.3,,-0.1,0.0,0.0,-0.078,,-8.9,0.5,-8.4,0.0
2020,Amir Coffey,SG,22,LAC,9,80,7.9,.472,.227,.136,3.9,10.0,7.1,11.8,0.6,1.1,7.9,13.1,,0.0,0.1,0.1,.059,,-4.1,-0.4,-4.5,0.0
2020,John Collins,PF,22,ATL,36,1177,23.7,.659,.243,.234,9.0,24.9,16.9,8.1,1.0,4.2,9.9,22.9,,3.3,1.0,4.4,.178,,3.8,-0.5,3.3,1.6
2020,Zach Collins,PF,22,POR,3,86,9.0,.624,.368,.316,4.8,9.5,7.2,9.2,0.0,2.0,21.7,13.6,,0.1,0.0,0.1,.045,,-1.1,-0.7,-1.8,0.0
2020,Mike Conley,PG,32,UTA,36,1015,12.9,.514,.424,.249,2.5,10.0,6.4,22.0,1.1,0.3,12.3,23.1,,0.6,0.9,1.5,.071,,-0.2,-0.3,-0.5,0.4
2020,Pat Connaughton,SG,27,MIL,55,992,11.5,.564,.524,.108,5.0,17.2,11.5,11.1,0.7,2.5,14.2,11.7,,0.9,1.9,2.8,.136,,-0.7,1.5,0.8,0.7
2020,Quinn Cook,PG,26,LAL,36,395,10.8,.518,.381,.054,2.0,8.9,5.5,14.0,1.3,0.2,12.2,20.9,,0.0,0.4,0.4,.046,,-2.1,-1.1,-3.1,-0.1
2020,Tyler Cook,PF,22,CLE,11,35,23.9,.752,.000,.600,12.6,19.2,15.9,4.5,1.4,0.0,7.3,16.6,,0.2,0.0,0.2,.245,,3.0,-0.7,2.3,0.0
2020,Robert Covington,PF,29,TOT,57,1700,13.7,.569,.654,.173,2.8,19.8,11.1,5.9,2.5,3.4,11.6,17.6,,0.8,2.2,3.0,.085,,-0.9,1.2,0.3,1.0
2020,Robert Covington,PF,29,MIN,48,1411,13.5,.572,.629,.190,2.6,19.4,10.7,5.9,2.6,2.6,12.0,17.8,,0.6,1.7,2.3,.078,,-1.1,1.2,0.1,0.7
2020,Robert Covington,PF,29,HOU,9,289,14.6,.554,.778,.091,3.6,22.1,12.8,5.8,1.6,7.1,9.7,16.3,,0.2,0.5,0.7,.116,,0.0,1.3,1.3,0.2
2020,Allen Crabbe,SG,27,TOT,37,653,6.0,.470,.672,.079,1.8,11.0,6.3,6.8,1.1,0.5,8.5,12.7,,-0.2,0.1,-0.1,-0.006,,-3.7,-1.5,-5.2,-0.5
2020,Allen Crabbe,SG,27,ATL,28,522,7.2,.482,.650,.084,2.0,11.4,6.7,7.3,1.3,0.6,7.5,12.7,,0.0,0.1,0.1,.009,,-3.0,-1.1,-4.1,-0.3
2020,Allen Crabbe,SG,27,MIN,9,131,1.1,.416,.765,.059,0.8,9.2,4.8,5.1,0.0,0.0,12.5,12.5,,-0.2,0.0,-0.2,-0.069,,-6.7,-3.3,-9.9,-0.3
2020,Torrey Craig,SF,29,DEN,45,805,9.9,.544,.514,.168,6.3,13.9,10.1,4.9,0.9,3.5,9.1,11.8,,0.7,0.8,1.5,.089,,-2.6,0.1,-2.4,-0.1
2020,Jae Crowder,SF,29,TOT,54,1592,12.1,.534,.679,.244,3.0,18.9,11.1,11.1,1.9,1.0,9.9,15.7,,1.1,1.7,2.8,.083,,-0.9,0.1,-0.7,0.5
2020,Jae Crowder,SF,29,MEM,45,1322,11.0,.507,.667,.238,3.2,18.7,11.0,12.1,1.7,0.9,10.9,15.6,,0.5,1.2,1.7,.062,,-1.3,0.0,-1.3,0.2
2020,Jae Crowder,SF,29,MIA,9,270,17.6,.659,.738,.274,2.2,19.9,11.4,6.1,3.1,1.5,5.0,16.1,,0.6,0.4,1.1,.189,,1.5,0.6,2.1,0.3
2020,Jarrett Culver,SG,20,MIN,57,1375,9.1,.455,.390,.212,4.8,10.1,7.4,10.9,1.8,2.3,12.1,19.3,,-1.4,1.0,-0.4,-0.015,,-3.5,-0.7,-4.2,-0.8
2020,Seth Curry,SG,29,DAL,56,1365,15.7,.640,.569,.166,2.0,8.1,5.1,11.9,1.2,0.5,9.2,18.3,,3.2,0.7,3.9,.137,,1.9,-0.8,1.2,1.1
2020,Stephen Curry,PG,31,GSW,4,112,20.3,.548,.561,.273,3.7,16.0,9.6,42.0,2.1,1.6,16.9,33.8,,0.1,0.1,0.2,.067,,3.1,-0.8,2.3,0.1
2020,Troy Daniels,SG,28,LAL,41,456,9.0,.527,.709,.101,2.9,8.0,5.5,4.1,0.8,0.6,5.2,16.1,,0.3,0.4,0.7,.072,,-1.0,-1.1,-2.1,0.0
2020,Anthony Davis,PF,26,LAL,51,1751,28.1,.611,.189,.465,7.3,22.3,15.0,15.1,2.1,6.4,10.4,29.6,,5.7,3.8,9.5,.260,,5.6,2.7,8.3,4.6
2020,Ed Davis,C,30,UTA,25,268,7.3,.425,.000,.324,12.4,25.7,19.3,3.8,1.8,2.8,25.1,8.4,,-0.1,0.5,0.4,.074,,-5.5,1.7,-3.8,-0.1
2020,Terence Davis,SG,22,TOR,59,1035,15.2,.606,.566,.121,4.8,16.1,10.6,14.4,1.5,1.1,13.1,18.7,,1.5,1.6,3.1,.146,,1.3,0.7,2.0,1.0
2020,,,,,,,,,,,,,,,,,,,,,,,,,,,,
2020,Dewayne Dedmon,C,30,TOT,40,678,8.9,.481,.425,.145,7.7,27.4,17.4,4.0,1.4,5.1,18.6,17.8,,-0.9,1.0,0.1,.006,,-6.0,0.2,-5.9,-0.6
2020,Dewayne Dedmon,C,30,SAC,34,541,8.6,.477,.415,.164,9.3,25.9,17.4,4.0,1.4,4.6,20.4,18.6,,-0.8,0.7,0.0,-0.003,,-6.3,-0.1,-6.4,-0.6
2020,Dewayne Dedmon,C,30,ATL,6,137,10.4,.496,.465,.070,1.6,33.3,17.3,4.1,1.4,7.3,10.1,14.9,,-0.1,0.2,0.1,.044,,-5.0,1.2,-3.8,0.0
2020,Matthew Dellavedova,PG,29,CLE,52,646,7.4,.455,.514,.208,2.4,7.6,5.0,27.5,1.2,0.1,23.8,13.6,,-0.1,0.1,-0.1,-0.005,,-4.2,-1.6,-5.8,-0.6
2020,DeMar DeRozan,SF,30,SAS,56,1909,21.7,.601,.034,.420,2.0,15.7,8.8,25.2,1.4,0.6,11.6,27.1,,4.8,1.1,5.9,.147,,2.3,-0.4,2.0,1.9
2020,Cheick Diallo,C,23,PHO,41,425,16.7,.699,.016,.282,6.4,23.7,14.9,7.2,1.1,2.3,16.2,16.6,,0.8,0.5,1.2,.139,,-0.9,-0.1,-1.0,0.1
2020,Hamidou Diallo,SF,21,OKC,35,652,8.3,.479,.150,.193,4.7,14.4,9.7,4.7,2.1,0.9,13.5,17.6,,-0.7,0.8,0.1,.009,,-5.2,0.3,-4.9,-0.5
2020,Gorgui Dieng,C,30,TOT,53,916,17.7,.560,.433,.212,9.2,25.3,17.0,10.2,2.3,4.6,12.0,18.0,,1.1,1.4,2.5,.129,,0.2,1.6,1.8,0.9
2020,Gorgui Dieng,C,30,MIN,46,778,17.9,.563,.433,.213,9.6,25.6,17.3,11.2,2.2,4.5,12.7,18.4,,1.0,1.1,2.1,.130,,0.4,1.5,1.9,0.7
2020,Gorgui Dieng,C,30,MEM,7,138,16.6,.542,.432,.205,7.0,23.4,15.3,4.9,3.0,5.6,7.7,15.7,,0.1,0.3,0.4,.129,,-0.6,2.3,1.7,0.1
2020,Spencer Dinwiddie,SG,26,BRK,59,1850,18.1,.540,.386,.423,1.7,9.6,5.8,35.7,0.9,0.8,12.3,29.5,,3.2,1.6,4.7,.123,,2.7,-0.8,1.9,1.8
2020,Donte DiVincenzo,SG,23,MIL,54,1231,14.5,.560,.484,.165,4.8,15.3,10.4,12.5,2.8,1.0,13.1,16.8,,1.1,2.8,3.9,.152,,-1.0,2.5,1.5,1.1
2020,Luka Dončić,PG,20,DAL,48,1577,28.4,.588,.440,.443,4.4,25.3,15.0,46.4,1.5,0.5,14.9,37.2,,5.5,1.9,7.3,.223,,7.8,1.0,8.9,4.3
2020,Luguentz Dort,SG,20,OKC,25,535,7.6,.532,.489,.221,2.8,5.0,3.9,4.4,2.0,0.2,8.3,12.9,,0.2,0.4,0.6,.056,,-4.2,0.6,-3.6,-0.2
2020,Damyean Dotson,SG,25,NYK,47,823,11.1,.535,.571,.113,1.0,10.7,5.7,10.2,1.3,0.5,6.6,16.3,,0.7,0.3,1.0,.057,,-0.9,-0.5,-1.4,0.1
2020,Sekou Doumbouya,SF,19,DET,33,667,6.5,.477,.427,.188,3.0,15.5,9.2,3.2,1.4,0.9,12.2,17.1,,-0.7,0.5,-0.2,-0.017,,-5.1,-1.4,-6.5,-0.8
2020,PJ Dozier,PG,23,DEN,18,231,9.8,.458,.303,.124,2.4,12.0,7.2,17.8,1.5,2.0,10.5,19.7,,-0.1,0.2,0.1,.029,,-4.1,-0.6,-4.7,-0.1
2020,Goran Dragić,PG,33,MIA,49,1395,16.4,.580,.476,.339,1.8,9.9,6.0,28.6,1.0,0.6,15.0,25.5,,2.1,1.0,3.0,.104,,1.8,-1.8,0.0,0.7
2020,Andre Drummond,C,26,TOT,55,1811,22.0,.549,.044,.363,15.1,37.6,26.2,13.7,2.9,4.1,18.3,25.7,,0.7,3.5,4.2,.111,,-0.1,1.1,1.0,1.4
2020,Andre Drummond,C,26,DET,49,1654,22.2,.550,.031,.376,15.3,38.0,26.5,13.9,2.9,4.1,18.0,25.4,,0.8,3.3,4.1,.119,,0.0,1.2,1.1,1.3
2020,Andre Drummond,C,26,CLE,6,157,19.8,.546,.160,.253,12.6,33.5,23.0,12.0,3.1,3.8,20.9,28.6,,-0.2,0.2,0.1,.023,,-1.4,0.4,-1.1,0.0
2020,Jared Dudley,SF,34,LAL,39,309,7.4,.570,.680,.040,1.8,12.8,7.4,7.4,1.8,0.8,10.5,7.8,,0.2,0.4,0.7,.102,,-2.6,1.8,-0.8,0.1
2020,Kris Dunn,PG,25,CHI,51,1269,12.2,.510,.327,.158,1.9,14.8,8.1,19.6,3.8,1.3,15.7,14.6,,0.3,1.9,2.2,.085,,-3.7,3.2,-0.6,0.4
2020,Carsen Edwards,SG,21,BOS,34,299,6.5,.443,.600,.124,1.8,12.8,7.4,9.9,1.6,0.9,11.9,18.0,,-0.3,0.4,0.1,.010,,-4.7,-0.2,-4.9,-0.2
2020,Henry Ellenson,PF,23,BRK,5,15,-1.2,.143,.571,.000,14.1,26.7,20.6,8.8,0.0,0.0,0.0,19.5,,-0.1,0.0,-0.1,-0.180,,-7.7,-3.0,-10.8,0.0
2020,Wayne Ellington,SG,32,NYK,30,453,8.0,.511,.809,.092,0.9,10.4,5.5,8.7,1.3,0.4,9.8,15.2,,0.1,0.2,0.2,.024,,-2.4,-1.1,-3.5,-0.2
2020,,,,,,,,,,,,,,,,,,,,,,,,,,,,
2020,Joel Embiid,C,25,PHI,43,1302,25.7,.591,.231,.541,9.9,32.6,21.3,17.4,1.4,3.8,13.4,32.4,,3.0,2.5,5.5,.204,,3.9,1.3,5.2,2.3
2020,James Ennis,SF,29,TOT,56,931,12.3,.562,.461,.275,6.8,14.6,10.7,7.1,1.4,1.7,10.9,15.7,,1.0,1.2,2.1,.109,,-1.8,-0.2,-2.0,0.0
2020,James Ennis,SF,29,PHI,49,776,12.3,.564,.469,.270,6.8,14.4,10.6,7.4,1.4,1.5,10.9,15.8,,0.8,1.0,1.8,.113,,-1.6,0.1,-1.6,0.1
2020,James Ennis,SF,29,ORL,7,155,12.6,.554,.419,.302,6.6,15.7,11.0,5.6,0.9,2.3,11.0,15.3,,0.1,0.2,0.3,.091,,-2.4,-1.7,-4.2,-0.1
2020,Drew Eubanks,PF,22,SAS,9,58,19.1,.778,.053,.263,11.1,25.9,18.5,5.5,0.0,1.5,24.8,21.0,,0.1,0.0,0.1,.115,,-1.6,-2.7,-4.3,0.0
2020,Jacob Evans,SG,22,TOT,29,418,5.5,.436,.291,.216,2.2,8.6,5.3,10.8,1.3,2.6,14.6,17.5,,-0.7,0.2,-0.5,-0.054,,-5.8,-1.4,-7.2,-0.5
2020,Jacob Evans,SG,22,GSW,27,414,5.7,.439,.286,.218,2.3,8.7,5.3,10.9,1.3,2.6,14.6,17.6,,-0.6,0.2,-0.5,-0.052,,-5.8,-1.4,-7.1,-0.5
2020,Jacob Evans,SG,22,MIN,2,4,-9.6,.000,1.000,.000,0.0,0.0,0.0,0.0,0.0,0.0,0.0,10.3,,0.0,0.0,0.0,-0.266,,-10.6,-5.6,-16.2,0.0
2020,Dante Exum,SG,24,TOT,35,485,10.4,.576,.361,.361,2.8,12.5,7.6,11.5,1.3,1.4,18.4,14.9,,0.2,0.2,0.4,.043,,-2.5,-0.5,-3.0,-0.1
2020,Dante Exum,SG,24,UTA,11,83,4.9,.503,.261,.087,4.1,11.3,7.9,11.8,0.6,2.0,29.5,17.8,,-0.2,0.1,-0.1,-0.053,,-5.1,-0.5,-5.6,-0.1
2020,Dante Exum,SG,24,CLE,24,402,11.5,.592,.385,.427,2.5,12.8,7.6,11.4,1.4,1.3,15.6,14.3,,0.4,0.2,0.5,.063,,-2.0,-0.5,-2.5,0.0
2020,Tacko Fall,C,24,BOS,6,24,23.9,.713,.000,.250,0.0,48.7,24.6,0.0,0.0,7.7,18.4,29.1,,0.0,0.1,0.1,.102,,-1.9,3.0,1.1,0.0
2020,Derrick Favors,C,28,NOP,40,957,19.2,.628,.022,.213,13.5,30.4,21.9,10.6,1.1,3.5,14.1,14.6,,2.1,1.3,3.4,.168,,0.9,0.4,1.3,0.8
2020,Cristiano Felício,PF,27,CHI,20,380,12.9,.671,.037,.426,15.0,14.3,14.6,5.4,1.3,0.5,21.9,9.2,,0.7,0.3,1.0,.125,,-1.4,-1.6,-3.0,-0.1
2020,Terrance Ferguson,SF,21,OKC,46,1102,4.4,.517,.787,.101,2.2,4.6,3.4,5.2,1.1,1.2,12.5,9.0,,0.0,0.7,0.7,.031,,-4.2,0.4,-3.9,-0.5
2020,Bruno Fernando,C,21,ATL,51,648,12.7,.560,.189,.270,10.4,20.1,15.2,9.7,1.3,2.2,16.9,15.9,,0.4,0.4,0.9,.064,,-3.0,-0.9,-3.8,-0.3
2020,Yogi Ferrell,PG,26,SAC,43,481,10.7,.499,.405,.208,1.4,10.1,5.6,17.8,1.4,0.8,12.0,18.9,,0.1,0.3,0.4,.037,,-2.1,-0.4,-2.5,-0.1
2020,Dorian Finney-Smith,PF,26,DAL,60,1788,12.0,.590,.586,.217,7.1,12.1,9.7,6.7,1.1,1.7,11.0,12.6,,2.7,1.3,4.0,.108,,0.0,-0.3,-0.3,0.8
2020,Bryn Forbes,SG,26,SAS,58,1459,11.0,.560,.651,.139,0.9,7.9,4.4,10.1,1.1,0.0,8.5,18.6,,1.0,0.3,1.3,.043,,-0.8,-2.0,-2.8,-0.3
2020,Evan Fournier,SG,27,ORL,59,1870,16.8,.598,.466,.239,0.9,8.2,4.4,17.0,1.8,0.6,11.3,24.4,,2.7,1.7,4.4,.112,,1.5,-0.3,1.2,1.5
2020,De'Aaron Fox,PG,22,SAC,40,1267,19.8,.549,.217,.434,2.3,12.4,7.2,36.1,2.2,1.6,14.9,29.5,,1.6,1.3,2.8,.107,,1.8,-0.3,1.5,1.1
2020,Melvin Frazier,SG,23,ORL,14,48,9.1,.480,.412,.235,2.1,6.9,4.4,3.1,4.1,3.8,9.6,18.7,,-0.1,0.1,0.0,.034,,-5.2,2.2,-3.0,0.0
2020,Michael Frazier,SG,25,HOU,8,66,2.4,.513,.727,.545,1.6,3.2,2.4,1.9,1.4,0.0,12.8,9.8,,0.0,0.0,0.0,.019,,-7.8,-0.9,-8.7,-0.1
2020,Tim Frazier,PG,29,DET,27,355,9.8,.464,.319,.255,2.8,7.7,5.3,36.3,1.9,0.9,25.6,17.2,,-0.1,0.2,0.1,.018,,-2.9,-1.6,-4.6,-0.2
2020,Markelle Fultz,PG,21,ORL,59,1671,13.9,.517,.180,.211,1.7,11.3,6.3,28.4,2.3,0.5,15.6,20.6,,0.4,1.9,2.2,.064,,-2.2,0.3,-1.9,0.0
2020,Wenyen Gabriel,PF,22,TOT,23,178,6.9,.478,.410,.410,8.3,13.7,11.0,5.2,1.9,3.0,23.3,14.5,,-0.2,0.2,0.0,-0.003,,-5.6,-0.2,-5.8,-0.2
2020,Wenyen Gabriel,PF,22,SAC,11,61,7.5,.444,.471,.588,7.2,11.4,9.2,6.7,2.4,3.1,18.9,18.9,,-0.1,0.1,0.0,-0.026,,-4.4,0.4,-3.9,0.0
2020,Wenyen Gabriel,PF,22,POR,12,117,6.6,.507,.364,.273,8.9,14.9,11.9,4.3,1.6,2.9,26.8,12.2,,-0.1,0.1,0.0,.009,,-6.2,-0.5,-6.8,-0.1
2020,,,,,,,,,,,,,,,,,,,,,,,,,,,,
2020,Daniel Gafford,C,21,CHI,38,517,16.9,.674,.000,.430,9.6,10.7,10.1,4.7,1.2,8.9,14.3,13.9,,0.9,0.7,1.6,.149,,-2.6,1.6,-1.0,0.1
2020,Danilo Gallinari,PF,31,OKC,51,1567,19.7,.615,.540,.355,2.3,17.3,10.0,11.0,1.1,0.2,7.8,24.4,,4.0,1.5,5.4,.167,,4.3,-0.9,3.4,2.1
2020,Langston Galloway,SG,28,DET,61,1573,12.2,.587,.621,.166,2.0,7.6,4.8,8.9,1.3,0.5,6.7,15.7,,2.3,0.6,2.9,.089,,0.0,-0.9,-0.9,0.5
2020,Darius Garland,PG,20,CLE,59,1824,8.6,.498,.423,.103,1.6,5.1,3.4,18.5,1.1,0.2,17.1,20.6,,-1.2,0.0,-1.3,-0.034,,-2.7,-3.0,-5.7,-1.7
2020,Marc Gasol,C,35,TOR,35,974,12.1,.551,.537,.156,3.2,20.8,12.2,16.9,1.4,3.3,14.8,12.7,,0.9,1.8,2.7,.134,,-0.8,2.7,1.9,1.0
2020,Rudy Gay,PF,33,SAS,55,1156,14.3,.541,.374,.236,4.7,22.4,13.5,11.9,1.0,2.0,13.2,21.0,,0.4,0.9,1.3,.054,,-0.4,-0.8,-1.1,0.3
2020,Paul George,SF,29,LAC,37,1076,19.9,.575,.494,.263,1.6,18.7,10.3,21.3,2.1,1.5,13.5,30.3,,1.3,1.8,3.1,.139,,3.0,0.9,3.9,1.6
2020,Taj Gibson,C,34,NYK,56,922,16.2,.609,.047,.202,11.3,16.8,14.0,8.1,1.3,2.5,13.0,14.9,,1.6,0.7,2.3,.121,,-0.7,-0.3,-1.0,0.2
2020,Harry Giles,PF,21,SAC,33,484,16.4,.579,.000,.217,6.6,25.2,15.6,14.8,1.6,2.5,13.5,20.0,,0.6,0.6,1.2,.120,,-2.2,1.3,-0.9,0.1
2020,Shai Gilgeous-Alexander,SG,21,OKC,60,2124,17.4,.559,.237,.345,2.4,16.5,9.7,14.6,1.5,1.6,9.9,23.8,,2.6,2.4,5.0,.113,,1.1,0.2,1.3,1.7
2020,Rudy Gobert,C,27,UTA,57,1975,21.8,.694,.000,.711,11.6,31.9,22.2,6.5,1.0,4.7,15.5,16.4,,5.4,3.7,9.1,.221,,1.8,1.8,3.6,2.8
2020,Brandon Goodwin,PG,24,ATL,31,393,12.0,.507,.461,.146,3.0,15.5,9.2,18.2,1.3,0.8,12.1,22.8,,0.0,0.2,0.1,.017,,-1.3,-1.3,-2.5,-0.1
2020,Aaron Gordon,PF,24,ORL,54,1774,14.8,.514,.317,.280,5.5,19.5,12.2,16.6,1.2,1.6,10.2,20.6,,1.1,2.0,3.1,.085,,-0.4,0.0,-0.3,0.7
2020,Eric Gordon,SG,31,HOU,31,897,11.0,.516,.653,.245,0.9,6.2,3.6,7.8,1.1,1.0,6.9,22.1,,0.3,0.5,0.9,.046,,-1.3,-1.8,-3.1,-0.3
2020,Devonte' Graham,PG,24,CHO,58,2030,15.2,.529,.613,.249,2.2,9.0,5.4,35.6,1.3,0.7,14.9,24.6,,1.9,0.8,2.7,.064,,2.2,-2.2,0.1,1.0
2020,Treveon Graham,SG,26,TOT,50,846,6.4,.450,.491,.232,5.1,11.8,8.4,5.9,1.3,0.6,9.3,13.0,,-0.3,0.4,0.1,.006,,-4.7,-0.9,-5.6,-0.8
2020,Treveon Graham,SG,26,MIN,33,663,6.1,.447,.474,.211,4.5,11.7,7.9,6.2,1.2,0.3,9.0,13.1,,-0.2,0.3,0.0,.003,,-5.0,-0.8,-5.8,-0.6
2020,Treveon Graham,SG,26,ATL,17,183,7.4,.459,.556,.311,7.6,12.5,10.0,5.1,1.5,1.8,10.5,13.0,,0.0,0.1,0.1,.014,,-4.0,-1.1,-5.1,-0.1
2020,Jerami Grant,PF,25,DEN,58,1523,14.3,.584,.394,.312,3.6,11.5,7.5,6.2,1.2,2.9,7.6,17.9,,2.2,1.5,3.7,.117,,0.0,-0.3,-0.3,0.7
2020,Josh Gray,PG,26,NOP,2,23,-5.0,.500,.000,.000,4.6,4.6,4.6,10.4,0.0,0.0,71.4,12.5,,-0.1,0.0,-0.1,-0.227,,-11.2,-4.8,-16.0,-0.1
2020,Danny Green,SG,32,LAL,56,1396,11.4,.570,.704,.111,3.1,11.6,7.4,7.1,2.4,1.8,10.8,14.0,,1.1,2.1,3.2,.111,,-0.6,1.6,1.0,1.1
2020,Draymond Green,PF,29,GSW,43,1222,12.6,.489,.408,.263,2.0,22.3,11.7,31.4,2.3,2.4,21.8,15.7,,-0.2,1.3,1.1,.045,,-2.1,1.8,-0.3,0.5
2020,,,,,,,,,,,,,,,,,,,,,,,,,,,,
2020,JaMychal Green,PF,29,LAC,50,1035,10.4,.542,.674,.152,6.9,24.1,15.7,4.7,1.1,1.6,12.5,13.5,,0.6,1.7,2.2,.104,,-1.8,0.6,-1.2,0.2
2020,Javonte Green,SF,26,BOS,41,375,13.0,.569,.245,.383,4.6,15.0,9.9,7.7,2.8,1.2,12.7,14.3,,0.3,0.6,1.0,.123,,-2.2,1.8,-0.4,0.2
2020,Jeff Green,PF,33,TOT,35,644,11.1,.551,.550,.305,2.6,13.1,8.1,6.0,1.1,1.7,11.7,19.0,,0.2,0.7,0.9,.066,,-1.4,-0.1,-1.5,0.1
2020,Jeff Green,PF,33,UTA,30,553,10.1,.523,.533,.323,2.9,12.7,8.0,5.2,1.1,1.5,10.8,19.7,,0.0,0.6,0.6,.049,,-1.8,-0.2,-2.1,0.0
2020,Jeff Green,PF,33,HOU,5,91,16.7,.785,.680,.160,1.1,16.1,8.6,11.1,1.5,2.8,18.3,14.9,,0.2,0.1,0.3,.170,,1.4,0.4,1.8,0.1
2020,Blake Griffin,PF,30,DET,18,512,12.0,.476,.444,.392,3.7,15.0,9.3,17.8,0.7,1.1,12.0,28.3,,-0.3,0.2,-0.1,-0.009,,-1.7,-2.6,-4.2,-0.3
2020,Marko Guduric,SG,24,MEM,38,460,8.5,.506,.517,.168,3.0,12.5,7.8,12.2,1.1,1.5,17.5,17.5,,-0.3,0.3,0.0,.002,,-2.8,-1.0,-3.8,-0.2
2020,Kyle Guy,SG,22,SAC,2,4,9.9,.500,.500,.000,0.0,0.0,0.0,0.0,0.0,0.0,0.0,21.8,,0.0,0.0,0.0,-0.020,,-1.4,-2.7,-4.1,0.0
2020,Rui Hachimura,PF,21,WAS,35,1028,14.4,.547,.159,.206,5.6,16.9,11.0,7.8,1.3,0.4,7.3,19.3,,1.2,0.3,1.4,.067,,-0.8,-2.1,-2.9,-0.2
2020,Devon Hall,SG,24,OKC,5,20,3.6,.370,.400,.800,0.0,5.3,2.8,19.2,0.0,0.0,12.9,17.1,,0.0,0.0,0.0,-0.063,,-6.2,-3.6,-9.7,0.0
2020,Donta Hall,PF,22,DET,2,28,10.6,.665,.000,2.000,16.0,12.3,14.2,9.1,1.8,0.0,34.7,9.0,,0.0,0.0,0.1,.102,,-3.3,-0.7,-4.1,0.0
2020,Dusty Hannahs,SG,26,MEM,2,13,21.4,.607,.333,.222,0.0,8.0,4.1,0.0,0.0,0.0,0.0,31.6,,0.0,0.0,0.0,.140,,4.9,-2.4,2.5,0.0
2020,Tim Hardaway,SG,27,DAL,57,1592,15.1,.583,.575,.198,1.4,9.9,5.7,10.5,1.0,0.2,6.7,21.5,,2.9,0.8,3.7,.111,,1.6,-1.4,0.2,0.9
2020,James Harden,SG,30,HOU,56,2061,29.0,.621,.557,.508,3.0,15.1,9.1,34.2,2.1,2.1,13.7,36.5,,8.6,2.5,11.1,.259,,8.4,1.3,9.7,6.1
2020,Maurice Harkless,SF,26,TOT,56,1289,9.9,.585,.359,.203,4.0,13.8,9.0,5.9,2.0,2.2,15.5,10.4,,0.7,1.9,2.6,.096,,-2.4,2.2,-0.2,0.6
2020,Maurice Harkless,SF,26,LAC,50,1141,9.6,.584,.336,.194,4.3,13.5,9.0,5.5,2.0,2.3,16.3,10.2,,0.5,1.7,2.3,.096,,-2.6,2.4,-0.2,0.5
2020,Maurice Harkless,SF,26,NYK,6,148,12.1,.593,.500,.265,1.4,16.4,8.6,9.5,2.0,1.9,9.5,12.0,,0.2,0.1,0.3,.099,,-1.2,1.0,-0.2,0.1
2020,Jared Harper,PG,22,PHO,3,8,-5.3,.250,.500,.000,0.0,0.0,0.0,0.0,0.0,0.0,0.0,21.3,,0.0,0.0,0.0,-0.250,,-10.1,-5.7,-15.7,0.0
2020,Montrezl Harrell,C,26,LAC,58,1627,22.9,.603,.021,.403,10.0,15.8,13.0,10.7,1.1,3.6,10.2,25.4,,4.0,2.4,6.4,.187,,2.3,0.5,2.9,2.0
2020,Gary Harris,SG,25,DEN,50,1593,8.9,.495,.409,.174,1.7,8.4,5.0,8.9,2.0,0.7,9.3,15.2,,0.1,1.5,1.5,.046,,-3.3,0.3,-3.0,-0.4
2020,Joe Harris,SF,28,BRK,58,1811,12.5,.587,.529,.122,3.1,10.9,7.1,10.4,0.9,0.7,10.7,17.7,,1.9,1.6,3.5,.093,,-0.1,-0.4,-0.5,0.7
2020,Tobias Harris,PF,27,PHI,60,2069,16.7,.560,.308,.189,2.3,19.0,10.7,14.5,1.1,1.4,8.0,23.3,,2.7,2.7,5.4,.124,,0.9,0.0,0.9,1.5
2020,Shaquille Harrison,SF,26,CHI,38,341,16.6,.540,.236,.309,4.3,15.2,9.5,15.8,3.1,3.0,10.3,19.5,,0.4,0.5,0.9,.123,,-0.6,1.9,1.3,0.3
2020,Josh Hart,SF,24,NOP,52,1448,12.0,.568,.680,.195,3.6,21.0,12.3,7.6,1.8,1.1,10.7,15.1,,1.2,1.5,2.7,.089,,-0.9,0.4,-0.4,0.6
2020,,,,,,,,,,,,,,,,,,,,,,,,,,,,
2020,Isaiah Hartenstein,C,21,HOU,23,266,18.8,.674,.075,.418,11.4,24.0,17.7,9.8,1.6,3.8,16.8,14.8,,0.7,0.4,1.1,.195,,-0.8,1.3,0.6,0.2
2020,Udonis Haslem,PF,39,MIA,3,21,3.1,.322,.333,.667,0.0,41.0,21.4,6.2,0.0,0.0,0.0,16.3,,0.0,0.0,0.0,-0.033,,-9.7,-3.2,-12.8,-0.1
2020,Jaxson Hayes,C,19,NOP,55,947,18.0,.677,.017,.739,9.1,15.7,12.4,7.6,1.1,4.6,11.7,15.2,,2.5,1.0,3.5,.177,,-0.6,0.7,0.1,0.5
2020,Gordon Hayward,SF,29,BOS,42,1411,18.0,.594,.308,.184,3.3,17.7,10.6,18.9,1.1,1.1,11.3,20.7,,2.8,1.8,4.6,.157,,2.5,0.2,2.6,1.6
2020,John Henson,PF,29,TOT,36,530,17.4,.571,.223,.270,9.0,22.3,15.6,13.3,1.9,6.6,14.9,15.7,,0.6,0.7,1.3,.119,,-0.9,2.2,1.2,0.4
2020,John Henson,PF,29,CLE,29,412,17.0,.539,.258,.275,8.6,22.3,15.4,15.3,1.9,6.6,13.5,16.1,,0.4,0.5,0.9,.109,,-1.1,2.2,1.1,0.3
2020,John Henson,PF,29,DET,7,118,18.8,.708,.071,.250,10.4,22.3,16.3,6.5,2.1,6.3,20.5,14.4,,0.2,0.2,0.4,.153,,-0.4,2.2,1.9,0.1
2020,Dewan Hernandez,C,23,TOR,4,11,4.2,.340,.200,.400,19.5,46.8,33.4,0.0,4.3,0.0,14.5,26.7,,0.0,0.0,0.0,.008,,-18.2,-3.1,-21.3,-0.1
2020,Juan Hernangómez,PF,24,TOT,42,653,10.0,.509,.508,.288,6.1,18.1,12.0,6.9,0.9,1.1,10.8,15.7,,0.2,0.5,0.7,.052,,-2.3,-1.3,-3.6,-0.3
2020,Juan Hernangómez,PF,24,DEN,34,422,6.9,.442,.545,.227,6.3,18.7,12.5,6.8,0.6,1.1,12.9,14.3,,-0.2,0.4,0.1,.015,,-4.0,-1.1,-5.1,-0.3
2020,Juan Hernangómez,PF,24,MIN,8,231,15.8,.594,.457,.370,5.7,17.0,11.2,7.2,1.4,1.1,7.8,18.2,,0.4,0.2,0.6,.118,,0.7,-1.7,-0.9,0.1
2020,Willy Hernangómez,C,25,CHO,27,297,18.4,.572,.177,.451,12.0,24.7,18.1,12.5,1.3,1.8,15.6,23.7,,0.3,0.3,0.6,.091,,-0.1,-0.9,-1.1,0.1
2020,Tyler Herro,SG,20,MIA,46,1273,11.4,.535,.476,.149,1.3,14.5,8.2,11.1,1.1,0.5,11.3,22.0,,-0.2,1.1,0.9,.034,,-0.9,-1.4,-2.3,-0.1
2020,Kevin Hervey,PF,23,OKC,7,19,-14.8,.091,.727,.000,0.0,11.3,5.8,6.7,0.0,0.0,0.0,25.5,,-0.2,0.0,-0.2,-0.470,,-13.3,-6.4,-19.7,-0.1
2020,Mario Hezonja,PF,24,POR,42,673,8.3,.498,.335,.299,3.7,18.4,11.1,6.4,1.8,0.8,13.9,13.6,,-0.1,0.5,0.4,.031,,-3.9,0.2,-3.7,-0.3
2020,Buddy Hield,SG,27,SAC,59,1922,16.1,.564,.580,.130,3.1,14.0,8.4,15.9,1.4,0.8,11.8,26.8,,1.5,1.4,3.0,.074,,2.5,-1.3,1.2,1.6
2020,George Hill,PG,33,MIL,49,1037,18.0,.686,.463,.248,4.2,9.3,6.9,18.6,1.7,0.3,11.5,15.5,,3.2,1.8,5.0,.233,,2.3,1.3,3.6,1.5
2020,Solomon Hill,SF,28,TOT,50,923,10.1,.543,.629,.158,3.0,13.7,8.4,13.0,1.7,0.7,13.8,13.4,,0.5,0.7,1.2,.063,,-1.7,0.0,-1.7,0.1
2020,Solomon Hill,SF,28,MEM,48,901,10.2,.549,.631,.163,2.8,13.9,8.4,13.3,1.6,0.7,13.8,13.4,,0.5,0.7,1.2,.065,,-1.6,0.1,-1.5,0.1
2020,Solomon Hill,SF,28,MIA,2,22,5.2,.357,.571,.000,10.7,4.9,7.7,0.0,4.4,0.0,12.5,16.0,,0.0,0.0,0.0,-0.036,,-6.8,-2.5,-9.3,0.0
2020,Jaylen Hoard,SF,20,POR,13,103,14.9,.504,.094,.406,14.2,17.9,16.0,5.4,2.3,0.0,9.6,17.2,,0.1,0.1,0.2,.095,,-0.8,-1.1,-1.9,0.0
2020,Aaron Holiday,PG,23,IND,53,1208,12.6,.526,.410,.139,1.8,8.9,5.4,20.8,1.5,0.9,12.4,20.3,,0.6,1.2,1.7,.069,,-0.8,-0.6,-1.3,0.2
2020,Jrue Holiday,SG,29,NOP,50,1735,17.1,.525,.339,.169,3.6,10.5,7.0,29.8,2.3,2.0,13.9,25.2,,1.4,1.6,3.0,.084,,1.7,0.1,1.8,1.7
2020,Justin Holiday,SG,30,IND,60,1508,12.6,.595,.667,.146,2.1,12.2,7.2,7.6,2.1,2.2,7.5,13.3,,1.7,2.0,3.8,.120,,0.1,1.5,1.5,1.3
2020,Rondae Hollis-Jefferson,SF,25,TOR,47,930,15.6,.535,.061,.443,10.6,15.9,13.3,12.9,2.2,2.1,12.3,17.5,,1.3,1.7,3.0,.155,,-1.1,1.6,0.5,0.6
2020,Richaun Holmes,C,26,SAC,37,1087,20.8,.692,.000,.301,11.4,21.4,16.3,5.3,1.8,4.5,11.6,15.9,,3.2,1.5,4.6,.204,,0.8,0.9,1.8,1.0
2020,,,,,,,,,,,,,,,,,,,,,,,,,,,,
2020,Rodney Hood,SF,27,POR,21,619,12.2,.625,.413,.157,1.7,10.3,6.0,7.1,1.3,0.5,9.4,13.9,,0.9,0.2,1.1,.088,,-0.4,-0.5,-1.0,0.2
2020,Al Horford,C,33,PHI,55,1685,15.1,.517,.406,.103,5.3,18.4,11.9,18.6,1.4,2.5,8.1,17.3,,2.0,2.4,4.4,.126,,0.8,1.3,2.1,1.7
2020,Talen Horton-Tucker,SG,19,LAL,2,5,14.9,.000,1.000,.000,0.0,0.0,0.0,44.9,9.5,0.0,0.0,8.4,,0.0,0.0,0.0,.111,,0.7,7.2,7.9,0.0
2020,Danuel House,SF,26,HOU,53,1616,11.4,.572,.647,.183,3.6,11.7,7.6,5.6,1.7,1.5,8.6,13.3,,1.8,1.5,3.3,.098,,-0.5,0.1,-0.5,0.6
2020,Dwight Howard,C,34,LAL,58,1141,19.1,.695,.020,.722,15.0,27.4,21.4,4.8,1.0,5.8,17.6,14.5,,2.6,2.3,4.8,.204,,-0.7,1.3,0.6,0.8
2020,William Howard,SG,26,HOU,2,13,-12.7,.000,1.000,.000,0.0,16.1,8.0,9.0,0.0,0.0,20.0,15.9,,-0.1,0.0,-0.1,-0.351,,-14.8,-5.7,-20.5,-0.1
2020,Kevin Huerter,SG,21,ATL,51,1577,11.7,.543,.547,.116,2.2,12.3,7.2,16.5,1.3,1.3,12.3,17.3,,0.9,0.6,1.4,.044,,-0.5,-0.9,-1.4,0.2
2020,De'Andre Hunter,SF,22,ATL,58,1849,8.9,.527,.445,.205,2.1,12.4,7.2,8.0,1.1,0.7,12.0,17.6,,-0.2,0.5,0.2,.006,,-2.7,-1.8,-4.5,-1.2
2020,Chandler Hutchison,SF,23,CHI,28,527,12.4,.521,.217,.446,3.6,19.7,11.3,7.4,2.5,1.2,11.4,19.1,,0.0,0.7,0.7,.060,,-2.7,0.1,-2.6,-0.1
2020,Serge Ibaka,C,30,TOR,47,1275,17.8,.588,.260,.190,8.2,22.7,15.6,8.1,0.9,2.9,12.9,24.4,,1.2,2.3,3.5,.132,,0.3,-0.2,0.2,0.7
2020,Andre Iguodala,SG,36,MIA,9,170,9.2,.545,.500,.118,6.9,16.5,11.9,13.0,0.9,4.7,25.1,12.4,,0.0,0.2,0.2,.054,,-3.2,0.0,-3.2,-0.1
2020,Ersan İlyasova,PF,32,MIL,53,850,15.8,.596,.423,.255,7.1,22.1,15.1,7.0,1.2,1.4,8.9,16.9,,1.5,1.8,3.3,.188,,0.2,0.7,0.9,0.6
2020,Joe Ingles,SF,32,UTA,59,1770,12.1,.577,.624,.170,1.4,12.6,7.2,23.7,1.3,0.4,18.4,15.1,,2.0,1.8,3.8,.103,,-0.3,0.6,0.3,1.1
2020,Brandon Ingram,PF,22,NOP,51,1732,20.5,.603,.351,.343,2.7,16.9,9.8,20.4,1.3,1.7,13.0,28.6,,3.5,1.5,5.0,.138,,3.6,-0.3,3.3,2.3
2020,Kyrie Irving,PG,27,BRK,20,658,26.3,.595,.341,.245,3.5,12.3,8.1,37.2,1.9,1.3,10.1,32.6,,2.1,0.8,3.0,.216,,6.7,1.0,7.7,1.6
2020,Jonathan Isaac,SF,22,ORL,32,949,16.9,.542,.283,.227,6.2,19.2,12.5,7.1,2.6,7.4,11.7,18.3,,0.4,1.9,2.3,.117,,-0.9,2.9,2.0,1.0
2020,Wesley Iwundu,SF,25,ORL,41,749,9.6,.507,.348,.371,3.0,12.4,7.5,8.2,1.6,1.2,7.6,12.9,,0.4,0.8,1.2,.076,,-3.5,0.4,-3.0,-0.2
2020,Frank Jackson,PG,21,NOP,46,590,8.3,.510,.459,.247,3.0,7.3,5.2,8.7,1.2,0.6,13.2,20.5,,-0.3,0.3,0.0,.000,,-3.9,-2.1,-5.9,-0.6
2020,Jaren Jackson,C,20,MEM,54,1512,16.2,.590,.485,.237,3.7,13.9,8.9,7.5,1.1,5.0,10.8,23.9,,1.5,1.5,3.0,.095,,0.2,-0.1,0.1,0.8
2020,Josh Jackson,SG,22,MEM,13,252,10.3,.502,.404,.255,4.2,15.7,10.0,9.2,2.0,1.4,14.7,20.2,,-0.2,0.3,0.1,.014,,-3.2,0.2,-3.0,-0.1
2020,,,,,,,,,,,,,,,,,,,,,,,,,,,,
2020,Justin Jackson,PF,24,DAL,52,825,9.7,.499,.477,.140,3.0,13.1,8.1,5.9,0.6,0.6,3.5,16.3,,0.5,0.4,1.0,.056,,-1.9,-1.7,-3.6,-0.3
2020,Reggie Jackson,PG,29,TOT,18,460,15.3,.507,.440,.156,3.6,9.9,6.7,30.9,1.1,0.4,10.8,25.3,,0.5,0.2,0.7,.075,,1.9,-1.5,0.3,0.3
2020,Reggie Jackson,PG,29,DET,14,381,14.8,.492,.414,.167,3.2,9.0,6.1,30.6,1.0,0.2,9.8,26.9,,0.3,0.1,0.4,.050,,1.7,-2.2,-0.5,0.1
2020,Reggie Jackson,PG,29,LAC,4,79,17.8,.628,.630,.074,5.3,14.0,9.8,32.5,1.2,1.1,17.7,17.8,,0.2,0.1,0.3,.192,,2.6,1.9,4.6,0.1
2020,Justin James,SG,23,SAC,33,217,11.6,.487,.333,.269,3.0,12.8,7.8,10.9,1.3,3.9,8.4,19.1,,0.0,0.2,0.2,.038,,-0.9,0.2,-0.7,0.1
2020,LeBron James,PG,35,LAL,55,1918,25.4,.575,.323,.281,3.2,20.7,12.1,49.5,1.7,1.2,15.4,31.5,,5.3,3.0,8.3,.207,,6.5,1.5,8.0,4.8
2020,Amile Jefferson,PF,26,ORL,18,74,8.9,.372,.000,1.000,13.9,19.4,16.6,7.3,0.7,3.7,13.0,13.5,,0.0,0.1,0.0,.025,,-5.0,-1.0,-6.0,-0.1
2020,DaQuan Jeffries,SG,22,SAC,6,19,10.7,.500,.571,.000,5.8,0.0,3.0,7.8,2.6,0.0,0.0,16.1,,0.0,0.0,0.0,.082,,-2.3,-0.2,-2.5,0.0
2020,Ty Jerome,PG,22,PHO,25,272,9.0,.440,.417,.146,2.4,13.8,8.0,20.5,2.4,1.0,15.0,18.8,,-0.3,0.3,0.0,.002,,-3.6,0.4,-3.2,-0.1
2020,Alize Johnson,SF,23,IND,12,50,12.5,.510,.000,.400,15.5,22.0,18.8,5.5,0.0,0.0,10.2,17.3,,0.1,0.0,0.1,.100,,-2.4,-1.6,-4.0,0.0
2020,B.J. Johnson,SF,24,ORL,8,46,2.6,.344,.333,.111,2.2,12.0,6.9,6.2,2.1,0.0,13.7,20.6,,-0.2,0.0,-0.1,-0.131,,-7.4,-2.5,-9.8,-0.1
2020,Cameron Johnson,PF,23,PHO,48,963,12.0,.574,.699,.142,4.4,11.4,7.8,7.3,1.4,1.2,7.9,15.7,,1.0,0.7,1.7,.086,,0.4,-0.8,-0.4,0.4
2020,James Johnson,PF,32,TOT,26,483,13.4,.566,.447,.239,3.6,16.8,10.3,15.0,1.8,5.1,17.4,18.8,,0.1,0.6,0.7,.074,,-2.2,1.1,-1.1,0.1
2020,James Johnson,PF,32,MIA,18,281,11.2,.547,.517,.161,3.3,16.9,10.4,11.0,1.0,4.6,13.9,16.9,,0.0,0.3,0.4,.066,,-2.5,0.6,-1.9,0.0
2020,James Johnson,PF,32,MIN,8,202,16.5,.587,.361,.333,4.0,16.7,10.2,20.6,2.8,5.7,21.0,21.3,,0.1,0.3,0.4,.086,,-1.8,1.7,0.0,0.1
2020,Keldon Johnson,SF,20,SAS,5,25,11.0,.409,.067,.133,8.6,17.2,12.9,19.1,0.0,0.0,5.9,29.2,,0.0,0.0,0.0,-0.067,,-2.2,-3.6,-5.7,0.0
2020,Stanley Johnson,PF,23,TOR,19,95,3.6,.352,.433,.200,3.4,20.6,12.2,11.1,2.0,2.0,19.7,18.3,,-0.3,0.2,-0.1,-0.055,,-7.5,1.6,-5.9,-0.1
2020,Tyler Johnson,SG,27,PHO,31,515,8.1,.481,.485,.187,2.1,9.2,5.6,13.5,1.1,1.4,11.5,17.3,,-0.2,0.3,0.1,.013,,-3.0,-0.7,-3.6,-0.2
2020,Nikola Jokić,C,24,DEN,59,1907,25.8,.609,.237,.278,8.1,26.2,17.2,34.0,1.9,1.9,15.0,27.0,,5.8,2.9,8.8,.221,,5.9,2.4,8.3,4.9
2020,Damian Jones,C,24,ATL,53,863,15.5,.714,.046,.486,8.8,16.0,12.3,5.3,1.4,3.7,11.8,11.4,,2.1,0.6,2.7,.152,,-1.5,0.0,-1.5,0.1
2020,Derrick Jones,SF,22,MIA,46,1126,14.5,.605,.383,.362,5.2,13.4,9.5,6.2,2.1,2.8,7.2,14.1,,2.0,1.4,3.4,.145,,-0.5,1.0,0.5,0.7
2020,Tyus Jones,PG,23,MEM,60,1133,15.1,.529,.274,.123,0.8,7.9,4.4,31.2,2.1,0.5,11.4,16.7,,1.6,0.8,2.4,.101,,0.2,-0.3,-0.1,0.5
2020,DeAndre Jordan,C,31,BRK,51,1107,20.5,.687,.000,.423,12.3,34.0,23.5,13.3,0.8,3.6,18.3,14.3,,2.8,2.1,4.8,.210,,1.4,1.9,3.3,1.5
2020,Cory Joseph,PG,28,SAC,59,1442,10.1,.507,.361,.155,2.6,9.5,5.9,19.5,1.4,1.2,13.9,13.1,,1.0,1.0,1.9,.065,,-2.2,0.3,-1.9,0.1
2020,,,,,,,,,,,,,,,,,,,,,,,,,,,,
2020,Mfiondu Kabengele,C,22,LAC,12,64,18.2,.614,.625,.156,1.6,15.7,8.8,4.8,1.5,2.7,5.5,23.5,,0.1,0.1,0.2,.176,,2.2,-0.2,1.9,0.1
2020,Frank Kaminsky,C,26,PHO,32,718,14.6,.554,.401,.315,4.6,20.2,12.2,14.8,0.9,1.2,9.4,20.8,,0.8,0.6,1.4,.095,,0.2,-0.3,-0.1,0.3
2020,Enes Kanter,C,27,BOS,46,835,22.2,.607,.024,.282,16.8,30.1,23.5,8.3,1.1,4.1,13.5,19.4,,2.0,1.6,3.7,.211,,1.6,0.0,1.6,0.8
2020,Luke Kennard,SG,23,DET,28,922,14.4,.589,.535,.219,1.1,11.1,6.0,19.1,0.6,0.5,10.3,19.7,,1.7,0.3,2.0,.102,,1.1,-1.4,-0.3,0.4
2020,Stanton Kidd,SF,27,UTA,4,15,-13.7,.000,.333,.000,0.0,20.9,10.9,8.0,0.0,0.0,40.0,14.6,,-0.1,0.0,-0.1,-0.326,,-15.7,-1.3,-17.0,-0.1
2020,Michael Kidd-Gilchrist,PF-SF,26,TOT,17,206,5.4,.410,.316,.158,5.6,20.2,12.8,8.6,0.2,2.2,12.9,14.8,,-0.2,0.1,-0.1,-0.020,,-5.7,-1.0,-6.7,-0.2
2020,Michael Kidd-Gilchrist,PF,26,CHO,12,160,6.1,.421,.321,.170,5.9,18.3,11.9,9.5,0.0,1.7,10.9,17.5,,-0.2,0.1,-0.1,-0.029,,-5.3,-1.7,-7.0,-0.2
2020,Michael Kidd-Gilchrist,SF,26,DAL,5,46,2.8,.250,.250,.000,4.6,26.8,15.9,5.2,1.1,3.7,33.3,5.6,,-0.1,0.1,0.0,.011,,-6.9,1.4,-5.5,0.0
2020,Louis King,SF,20,DET,10,62,6.3,.448,.524,.143,1.8,16.6,9.1,11.7,1.6,0.0,8.2,17.1,,0.0,0.0,0.0,-0.004,,-5.1,-1.1,-6.2,-0.1
2020,Maxi Kleber,C,28,DAL,59,1472,14.5,.610,.603,.189,7.0,15.1,11.1,5.9,0.6,3.9,8.6,14.2,,2.9,1.3,4.2,.136,,1.0,-0.1,0.8,1.0
2020,Brandon Knight,PG,28,TOT,21,336,7.5,.488,.790,.169,1.0,8.0,4.5,19.8,1.2,0.5,17.4,20.6,,-0.3,0.1,-0.2,-0.034,,-2.6,-2.5,-5.2,-0.3
2020,Brandon Knight,PG,28,CLE,16,241,5.5,.431,.744,.151,1.4,7.9,4.6,18.0,1.0,0.7,14.9,19.1,,-0.3,0.0,-0.3,-0.062,,-3.9,-2.9,-6.7,-0.3
2020,Brandon Knight,PG,28,DET,5,95,12.5,.614,.895,.211,0.0,8.4,4.2,24.3,1.5,0.0,22.4,24.5,,0.0,0.0,0.1,.036,,0.6,-1.8,-1.2,0.0
2020,Kevin Knox,SF,20,NYK,59,1070,8.5,.475,.503,.255,2.3,14.6,8.2,7.5,0.9,1.9,8.9,17.8,,-0.4,0.6,0.2,.009,,-2.9,-1.3,-4.2,-0.6
2020,John Konchar,SG,23,MEM,10,86,21.1,.727,.294,.118,11.2,13.3,12.3,17.0,3.3,2.0,10.1,9.6,,0.3,0.1,0.4,.223,,3.3,3.2,6.5,0.2
2020,Furkan Korkmaz,SG,22,PHI,59,1276,11.9,.573,.618,.130,1.4,10.3,5.8,6.8,1.2,0.9,7.9,18.5,,1.0,1.3,2.3,.087,,-0.4,-0.8,-1.1,0.3
2020,Luke Kornet,C,24,CHI,36,559,12.7,.539,.578,.150,4.1,12.8,8.3,8.5,0.9,4.4,6.6,16.3,,0.5,0.5,1.0,.090,,-1.0,-0.2,-1.2,0.1
2020,Kyle Korver,SF,38,MIL,47,782,10.5,.600,.797,.131,1.6,10.1,6.1,8.9,1.2,1.2,13.5,15.3,,0.6,1.3,1.9,.117,,-1.0,0.6,-0.4,0.3
2020,Rodions Kurucs,PF,21,BRK,36,461,9.1,.582,.472,.187,3.7,15.7,9.8,9.3,1.6,0.5,19.9,15.1,,0.0,0.6,0.6,.058,,-3.3,0.9,-2.4,0.0
2020,Kyle Kuzma,PF,24,LAL,49,1204,11.5,.525,.397,.224,3.9,14.9,9.5,7.8,0.7,1.4,12.0,23.3,,-0.1,1.4,1.3,.050,,-2.0,-1.5,-3.5,-0.5
2020,Skal Labissière,C,23,POR,33,567,15.4,.588,.088,.224,11.9,18.8,15.4,10.3,0.6,4.6,15.7,14.3,,1.0,0.4,1.4,.121,,-1.5,0.2,-1.3,0.1
2020,Jeremy Lamb,SG,27,IND,46,1291,14.1,.547,.330,.230,2.1,15.0,8.6,10.6,2.1,1.5,8.7,19.7,,0.9,1.8,2.7,.100,,-1.0,0.5,-0.5,0.5
2020,Romeo Langford,SG,20,BOS,22,243,6.5,.506,.392,.412,3.6,6.1,4.9,2.1,1.2,2.3,10.4,11.8,,0.0,0.3,0.3,.053,,-4.1,0.0,-4.1,-0.1
2020,Zach LaVine,SG,24,CHI,60,2085,19.5,.568,.404,.279,2.1,13.7,7.6,21.8,2.0,1.3,13.3,31.8,,1.9,2.1,4.0,.093,,3.3,-0.8,2.5,2.4
2020,,,,,,,,,,,,,,,,,,,,,,,,,,,,
2020,Vic Law,SF,24,ORL,3,4,-30.3,.000,.500,1.000,0.0,0.0,0.0,0.0,0.0,0.0,0.0,31.2,,-0.1,0.0,-0.1,-0.804,,-21.9,-12.7,-34.6,0.0
2020,Jake Layman,PF,25,MIN,17,409,9.8,.527,.416,.128,3.0,9.3,6.0,4.8,1.7,2.0,11.3,17.9,,-0.1,0.3,0.1,.016,,-3.0,-0.9,-3.9,-0.2
2020,T.J. Leaf,PF,22,IND,24,190,14.0,.485,.203,.174,12.3,24.9,18.6,4.4,2.1,1.4,8.6,18.8,,0.0,0.3,0.4,.090,,-1.4,-0.1,-1.5,0.0
2020,Jalen Lecque,PG,19,PHO,4,26,5.0,.460,.400,.200,0.0,0.0,0.0,11.1,0.0,0.0,8.4,19.4,,0.0,0.0,0.0,-0.040,,-5.6,-3.6,-9.2,0.0
2020,Courtney Lee,SG,34,DAL,17,186,11.4,.624,.667,.042,1.7,8.8,5.3,6.6,2.1,1.8,9.3,12.4,,0.2,0.2,0.4,.103,,-1.1,1.0,0.0,0.1
2020,Damion Lee,SG,27,GSW,44,1254,12.9,.549,.448,.259,2.6,16.4,9.2,14.7,1.6,0.4,10.7,19.1,,0.9,0.7,1.6,.063,,-1.4,-0.8,-2.2,-0.1
2020,Alex Len,C,26,TOT,44,814,17.5,.592,.204,.314,10.5,24.2,17.3,8.7,1.3,4.0,12.6,18.3,,1.2,0.8,2.0,.117,,-0.2,-0.1,-0.3,0.3
2020,Alex Len,C,26,ATL,40,745,17.5,.590,.215,.312,9.9,23.5,16.6,8.7,1.2,3.7,11.7,18.6,,1.1,0.6,1.8,.115,,-0.1,-0.3,-0.4,0.3
2020,Alex Len,C,26,SAC,4,69,17.4,.617,.000,.357,17.5,31.9,24.5,8.1,1.4,6.9,27.0,14.0,,0.1,0.1,0.2,.140,,-1.6,1.7,0.2,0.0
2020,Kawhi Leonard,SF,28,LAC,46,1486,26.6,.581,.280,.339,3.4,20.2,12.0,28.1,2.7,1.7,11.2,33.5,,4.0,2.8,6.7,.217,,6.3,2.7,9.0,4.1
2020,Meyers Leonard,C,27,MIA,49,987,11.1,.640,.534,.117,3.2,24.1,14.1,7.7,0.6,1.5,13.0,12.0,,1.1,1.1,2.1,.103,,-1.0,0.4,-0.6,0.3
2020,Caris LeVert,SG,25,BRK,34,963,13.0,.489,.302,.235,3.5,9.9,6.8,21.9,1.9,0.4,13.3,28.4,,-0.7,1.0,0.3,.017,,-1.5,-0.9,-2.4,-0.1
2020,Damian Lillard,PG,29,POR,54,1996,26.8,.621,.489,.376,1.5,10.6,6.1,35.2,1.2,0.8,11.0,30.6,,8.6,0.6,9.2,.221,,8.2,-0.7,7.5,4.8
2020,Nassir Little,PF,19,POR,44,554,9.2,.503,.390,.291,5.8,13.9,9.9,5.0,0.9,2.1,8.6,13.3,,0.3,0.3,0.5,.046,,-2.9,-0.8,-3.7,-0.2
2020,Kevon Looney,C,23,GSW,20,262,9.4,.403,.177,.152,11.1,16.3,13.6,11.2,2.2,2.1,12.5,15.7,,-0.2,0.2,0.0,.007,,-4.9,-0.6,-5.5,-0.2
2020,Brook Lopez,C,31,MIL,56,1487,13.8,.531,.505,.197,2.6,13.1,8.2,8.0,1.2,8.3,9.2,17.2,,0.6,3.6,4.2,.136,,-1.1,2.7,1.7,1.4
2020,Robin Lopez,C,31,MIL,55,780,11.7,.571,.353,.173,6.4,10.0,8.3,6.3,0.5,4.4,14.9,16.6,,0.3,1.4,1.7,.104,,-2.0,0.4,-1.6,0.1
2020,Kevin Love,PF,31,CLE,51,1596,17.9,.599,.523,.300,3.1,31.3,17.1,15.3,0.9,1.0,14.7,23.1,,2.2,1.1,3.3,.100,,2.5,-0.5,2.0,1.6
2020,Kyle Lowry,PG,33,TOR,47,1714,17.5,.583,.575,.395,1.9,11.8,6.9,30.8,1.7,1.2,15.2,22.8,,3.5,2.5,6.1,.169,,2.3,0.7,3.1,2.2
2020,Timothé Luwawu-Cabarrot,SG,24,BRK,34,535,8.4,.556,.533,.283,3.6,11.2,7.5,4.5,1.2,0.6,13.2,15.4,,0.1,0.5,0.7,.059,,-3.4,-0.1,-3.5,-0.2
2020,Trey Lyles,PF,24,SAS,58,1105,12.3,.548,.481,.125,6.6,25.5,16.0,7.4,1.0,1.8,10.6,13.3,,0.9,0.9,1.8,.079,,-0.7,-0.6,-1.3,0.2
2020,Daryl Macon,SG,24,MIA,4,14,-3.0,.500,.667,.000,0.0,0.0,0.0,9.6,0.0,0.0,40.0,15.7,,0.0,0.0,0.0,-0.162,,-7.0,-4.4,-11.4,0.0
2020,,,,,,,,,,,,,,,,,,,,,,,,,,,,
2020,J.P. Macura,SG,24,CLE,1,1,0.0,,,,0.0,0.0,0.0,0.0,0.0,0.0,,0.0,,0.0,0.0,0.0,-0.023,,-5.1,-1.4,-6.5,0.0
2020,Josh Magette,PG,30,ORL,8,38,5.2,.378,.267,.133,2.7,14.5,8.4,19.5,3.9,2.4,23.9,23.8,,-0.2,0.1,-0.1,-0.124,,-8.1,1.7,-6.4,0.0
2020,Ian Mahinmi,C,33,WAS,38,808,14.2,.545,.124,.538,10.1,19.5,14.7,8.1,1.8,4.7,14.8,15.6,,0.7,0.7,1.4,.081,,-2.6,-0.2,-2.8,-0.2
2020,Thon Maker,C,22,DET,56,710,13.9,.599,.337,.593,7.9,16.8,12.3,7.7,1.5,4.1,16.9,16.0,,0.7,0.7,1.5,.100,,-1.9,0.6,-1.3,0.1
2020,Terance Mann,SG,23,LAC,35,271,7.1,.472,.222,.222,1.6,10.8,6.3,17.9,1.4,1.6,19.1,11.2,,0.0,0.3,0.3,.057,,-4.8,1.2,-3.6,-0.1
2020,Boban Marjanović,C,31,DAL,31,263,22.1,.589,.086,.289,15.0,30.9,23.1,7.0,0.7,1.9,12.7,26.9,,0.5,0.3,0.9,.157,,0.2,-1.9,-1.7,0.0
2020,Lauri Markkanen,PF,22,CHI,46,1395,14.4,.560,.535,.271,4.3,19.9,11.8,7.7,1.3,1.5,11.1,21.2,,1.0,1.4,2.5,.085,,0.2,-0.7,-0.5,0.5
2020,Caleb Martin,SF,24,CHO,12,159,5.8,.441,.375,.175,3.9,12.8,8.2,11.1,0.9,2.3,15.7,14.1,,-0.1,0.1,-0.1,-0.017,,-5.3,-0.2,-5.5,-0.1
2020,Cody Martin,SF,24,CHO,42,710,10.3,.491,.374,.327,4.9,15.6,10.0,13.9,2.2,0.9,14.4,14.1,,0.1,0.6,0.7,.046,,-3.3,0.8,-2.5,-0.1
2020,Jeremiah Martin,PG,23,BRK,2,11,4.8,.250,.000,.000,0.0,9.1,4.7,12.4,4.3,0.0,0.0,15.2,,0.0,0.0,0.0,-0.057,,-9.1,3.2,-5.9,0.0
2020,Kelan Martin,SF,24,MIN,27,461,9.2,.504,.524,.155,2.4,18.2,10.0,6.4,0.7,1.6,8.7,17.5,,0.0,0.3,0.2,.025,,-3.4,-0.9,-4.3,-0.3
2020,Frank Mason,PG,25,MIL,4,18,6.0,.285,.571,.571,5.9,5.1,5.5,32.4,2.5,0.0,10.2,22.4,,0.0,0.0,0.0,-0.019,,-7.5,-1.4,-8.8,0.0
2020,Garrison Mathews,SG,23,WAS,16,202,14.1,.726,.840,.640,3.1,9.5,6.2,6.5,0.7,0.4,9.8,14.6,,0.6,0.0,0.6,.144,,1.0,-1.7,-0.6,0.1
2020,Wesley Matthews,SG,33,MIL,56,1374,8.6,.563,.699,.165,1.2,8.2,4.9,7.6,1.0,0.6,9.4,12.5,,0.9,2.1,3.0,.104,,-2.2,0.6,-1.6,0.1
2020,Patrick McCaw,SF,24,TOR,32,767,7.9,.510,.420,.112,2.7,7.0,4.9,12.0,2.1,0.5,14.8,9.8,,0.3,1.0,1.3,.081,,-3.2,1.7,-1.5,0.1
2020,CJ McCollum,SG,28,POR,57,2051,16.9,.537,.375,.128,1.9,9.6,5.8,18.8,1.0,1.5,8.4,26.6,,2.5,0.5,3.0,.070,,2.3,-1.7,0.7,1.4
2020,T.J. McConnell,PG,27,IND,58,1096,16.2,.540,.039,.106,2.9,12.2,7.6,37.4,1.7,0.9,18.4,17.0,,1.5,1.2,2.8,.121,,0.2,0.0,0.2,0.6
2020,Jalen McDaniels,PF,22,CHO,10,169,11.2,.571,.405,.286,4.3,22.7,13.1,3.6,2.1,1.1,11.3,13.8,,0.1,0.2,0.3,.080,,-3.1,0.7,-2.4,0.0
2020,Doug McDermott,PF,28,IND,60,1205,13.8,.614,.539,.107,2.1,11.6,6.9,8.3,0.3,0.3,7.2,19.6,,1.9,0.8,2.7,.107,,1.2,-1.7,-0.6,0.4
2020,JaVale McGee,C,32,LAL,56,934,20.3,.662,.023,.264,12.3,25.7,19.2,5.1,1.4,7.7,13.1,15.1,,2.1,2.1,4.2,.214,,-0.1,2.2,2.1,1.0
2020,,,,,,,,,,,,,,,,,,,,,,,,,,,,
2020,Rodney McGruder,SG,28,LAC,46,719,6.4,.468,.503,.172,3.7,13.7,8.8,5.2,1.4,1.0,11.0,10.5,,-0.1,0.9,0.8,.052,,-4.0,0.8,-3.2,-0.2
2020,Alfonzo McKinnie,SF,27,CLE,37,531,8.2,.479,.388,.191,6.4,14.9,10.7,3.4,1.9,1.0,12.2,15.1,,-0.2,0.3,0.1,.006,,-4.6,-1.0,-5.6,-0.5
2020,Jordan McLaughlin,PG,23,MIN,24,463,16.5,.583,.460,.209,0.9,8.7,4.7,29.9,2.6,0.7,11.1,15.2,,1.0,0.3,1.4,.140,,0.5,0.1,0.6,0.3
2020,Ben McLemore,SG,26,HOU,59,1376,11.8,.626,.832,.132,1.4,8.7,5.1,5.1,1.2,0.7,8.6,15.7,,2.0,0.9,3.0,.103,,0.2,-0.7,-0.5,0.5
2020,Jordan McRae,SG,28,TOT,33,686,15.3,.525,.341,.269,2.8,14.9,8.6,18.4,1.4,2.0,9.5,24.1,,0.5,0.3,0.8,.057,,0.9,-1.3,-0.3,0.3
2020,Jordan McRae,SG,28,WAS,29,654,15.2,.523,.334,.262,2.7,15.0,8.6,18.5,1.4,2.0,9.7,24.8,,0.5,0.2,0.7,.050,,0.9,-1.4,-0.4,0.3
2020,Jordan McRae,SG,28,DEN,4,32,16.8,.580,.667,.667,3.5,13.9,8.7,15.6,3.1,2.8,0.0,10.5,,0.1,0.0,0.1,.209,,1.2,1.2,2.4,0.0
2020,Nicolò Melli,C,29,NOP,47,774,13.1,.617,.636,.172,4.3,15.0,9.7,9.4,1.5,1.8,12.9,15.6,,1.0,0.7,1.7,.103,,-0.4,0.1,-0.3,0.3
2020,De'Anthony Melton,PG,21,MEM,47,894,15.0,.532,.307,.323,3.9,16.3,10.2,21.3,3.1,1.4,16.6,19.9,,0.4,1.2,1.6,.085,,-1.6,1.7,0.1,0.5
2020,Chimezie Metu,PF,22,SAS,16,73,25.5,.597,.029,.229,14.7,23.5,19.1,13.9,0.7,4.8,11.5,25.8,,0.2,0.1,0.2,.162,,3.8,-0.8,3.0,0.1
2020,Khris Middleton,SF,28,MIL,51,1525,22.3,.630,.366,.237,2.7,17.0,10.3,21.5,1.5,0.4,10.8,25.9,,4.4,2.9,7.4,.232,,3.9,1.0,4.9,2.7
2020,Eric Mika,PF,25,SAC,1,19,14.0,.773,.000,.667,11.5,30.5,20.8,0.0,0.0,0.0,0.0,8.9,,0.1,0.0,0.1,.224,,-2.3,-0.9,-3.1,0.0
2020,C.J. Miles,SG,32,WAS,10,161,11.1,.472,.593,.339,2.6,5.6,4.0,9.8,2.9,2.2,5.6,18.5,,0.0,0.1,0.1,.033,,-1.8,-0.1,-1.9,0.0
2020,Malcolm Miller,SF,26,TOR,24,124,5.1,.449,.783,.261,0.9,10.8,5.9,8.3,1.5,1.6,10.5,9.9,,-0.1,0.2,0.1,.047,,-4.0,1.5,-2.5,0.0
2020,Patty Mills,PG,31,SAS,58,1330,14.2,.580,.677,.177,1.4,6.1,3.8,11.5,1.7,0.3,7.6,20.4,,1.8,0.4,2.2,.080,,1.0,-1.3,-0.3,0.6
2020,Paul Millsap,PF,34,DEN,39,948,17.7,.596,.286,.336,8.8,17.9,13.3,9.3,1.8,2.6,11.7,20.0,,1.8,1.2,3.1,.156,,0.7,0.2,0.9,0.7
2020,Shake Milton,SG,23,PHI,27,459,13.3,.612,.516,.229,1.9,11.9,6.9,15.9,1.2,0.9,14.3,18.5,,0.6,0.5,1.1,.115,,-0.7,-0.3,-1.0,0.1
2020,Donovan Mitchell,SG,23,UTA,58,1996,19.6,.563,.340,.237,2.3,11.1,6.9,21.6,1.5,0.5,10.9,31.3,,3.1,2.0,5.1,.122,,2.7,-0.4,2.3,2.2
2020,Naz Mitrou-Long,SG,26,IND,3,43,10.1,.438,.688,.000,0.0,15.3,7.7,22.2,1.1,2.0,11.1,18.4,,0.0,0.0,0.0,.016,,-1.9,2.4,0.5,0.0
2020,Adam Mokoka,SG,21,CHI,10,93,10.1,.565,.522,.174,7.9,3.7,5.9,6.1,1.6,0.0,3.9,11.8,,0.2,0.0,0.2,.104,,-1.3,-1.2,-2.6,0.0
2020,Malik Monk,SG,21,CHO,55,1169,12.6,.530,.418,.205,2.4,12.5,7.3,16.6,1.1,1.2,12.6,22.8,,0.1,0.6,0.7,.028,,-1.1,-1.4,-2.4,-0.1
2020,Matt Mooney,SG,22,CLE,2,5,21.6,.500,.500,.000,0.0,22.4,11.1,31.6,0.0,17.1,0.0,17.1,,0.0,0.0,0.0,.184,,3.7,10.0,13.7,0.0
2020,,,,,,,,,,,,,,,,,,,,,,,,,,,,
2020,E'Twaun Moore,SG,30,NOP,46,884,11.8,.515,.393,.106,3.4,10.2,6.8,11.2,1.4,0.8,7.7,20.4,,0.4,0.5,0.9,.047,,-1.5,-1.1,-2.6,-0.1
2020,Ja Morant,PG,20,MEM,54,1619,18.1,.567,.170,.332,2.4,9.5,6.0,35.2,1.4,0.7,17.1,26.1,,2.1,0.9,3.0,.089,,1.6,-1.4,0.2,0.9
2020,Juwan Morgan,PF,22,UTA,16,74,8.8,.559,.294,.000,7.7,19.8,14.0,3.8,0.0,1.1,15.0,11.8,,0.0,0.1,0.1,.066,,-2.9,-0.4,-3.3,0.0
2020,Marcus Morris,SF-PF,30,TOT,50,1597,15.5,.572,.421,.287,3.3,14.3,8.7,7.0,1.2,1.4,9.7,23.5,,2.0,1.0,3.0,.091,,1.1,-0.9,0.2,0.9
2020,Marcus Morris,SF,30,NYK,43,1387,16.6,.582,.415,.311,3.6,14.7,8.9,6.9,1.2,1.2,9.2,24.3,,2.2,0.8,2.9,.102,,1.8,-1.1,0.7,0.9
2020,Marcus Morris,PF,30,LAC,7,210,8.1,.483,.474,.079,2.0,12.0,7.1,7.9,1.3,2.9,14.2,18.1,,-0.2,0.3,0.1,.015,,-3.5,0.4,-3.2,-0.1
2020,Markieff Morris,PF,30,TOT,47,1038,12.7,.569,.490,.200,3.2,16.8,9.9,10.8,1.2,1.0,13.8,21.5,,0.4,0.7,1.2,.054,,-1.0,-1.1,-2.1,0.0
2020,Markieff Morris,PF,30,DET,44,988,12.8,.573,.486,.203,2.7,17.3,9.9,10.9,1.3,0.9,14.2,21.7,,0.4,0.7,1.1,.052,,-1.0,-1.1,-2.1,0.0
2020,Markieff Morris,PF,30,LAL,3,50,10.6,.475,.588,.118,13.4,6.4,9.8,7.8,0.0,1.8,5.3,15.9,,0.1,0.0,0.1,.100,,-0.8,-1.4,-2.2,0.0
2020,Monte Morris,PG,24,DEN,59,1262,15.4,.540,.291,.125,1.8,7.6,4.7,24.1,1.9,0.9,7.8,17.3,,2.2,1.1,3.3,.125,,0.4,0.1,0.5,0.8
2020,Johnathan Motley,PF,24,LAC,13,41,28.4,.774,.067,.467,7.7,17.2,12.5,32.7,3.4,0.0,21.7,23.3,,0.2,0.1,0.3,.298,,4.7,3.2,7.8,0.1
2020,Emmanuel Mudiay,PG,23,UTA,47,748,13.8,.550,.261,.240,2.6,13.5,8.3,21.8,1.2,1.1,16.8,22.3,,0.4,0.8,1.2,.074,,-1.1,0.1,-1.0,0.2
2020,Mychal Mulder,SG,25,GSW,2,56,4.9,.434,.722,.056,3.7,16.0,9.6,0.0,0.0,0.0,0.0,14.0,,0.0,0.0,0.0,-0.020,,-5.3,-2.9,-8.2,-0.1
2020,Dejounte Murray,PG,23,SAS,54,1337,17.1,.542,.164,.187,5.0,19.9,12.4,23.5,3.2,1.0,16.5,20.2,,0.9,1.6,2.5,.090,,-0.5,1.5,1.1,1.0
2020,Jamal Murray,PG,22,DEN,49,1587,17.8,.558,.344,.216,2.4,10.9,6.7,22.8,1.9,0.9,11.8,25.4,,2.2,1.5,3.7,.113,,1.8,-0.4,1.4,1.4
2020,Džanan Musa,SF,20,BRK,35,404,8.4,.467,.468,.317,5.0,12.9,9.0,10.9,1.5,0.2,15.5,19.4,,-0.4,0.4,0.0,.005,,-4.0,-0.7,-4.7,-0.3
2020,Mike Muscala,C,28,OKC,39,481,12.6,.564,.753,.139,3.1,17.6,10.6,9.8,0.7,1.9,7.2,16.6,,0.6,0.5,1.1,.106,,0.3,-0.2,0.2,0.3
2020,Sviatoslav Mykhailiuk,SF,22,DET,51,1128,11.3,.595,.702,.162,1.5,7.1,4.3,11.0,1.5,0.3,12.3,16.6,,1.1,0.5,1.6,.067,,-0.5,-1.2,-1.7,0.1
2020,Abdel Nader,SF,26,OKC,44,684,10.9,.587,.485,.288,2.0,9.8,6.1,6.3,1.3,1.7,13.2,16.6,,0.4,0.6,1.0,.069,,-1.4,0.1,-1.2,0.1
2020,Larry Nance,C,27,CLE,51,1287,17.0,.604,.371,.165,8.0,24.1,16.0,11.6,1.7,1.4,11.6,15.1,,2.3,1.0,3.3,.123,,1.2,0.2,1.4,1.1
2020,Shabazz Napier,PG,28,TOT,45,1054,14.3,.544,.543,.306,2.2,10.9,6.4,30.2,2.4,0.6,18.7,19.6,,0.8,0.7,1.6,.071,,-0.4,-0.3,-0.7,0.3
2020,Shabazz Napier,PG,28,MIN,36,856,14.0,.539,.562,.311,2.0,11.8,6.8,31.5,2.2,0.7,19.1,19.1,,0.7,0.6,1.3,.071,,-0.5,-0.3,-0.8,0.3
2020,Shabazz Napier,PG,28,WAS,9,198,15.5,.560,.474,.289,3.2,6.8,4.9,24.6,3.3,0.4,17.4,21.7,,0.2,0.1,0.3,.070,,0.2,-0.4,-0.2,0.1
2020,Raul Neto,PG,27,PHI,46,515,10.5,.531,.411,.139,2.4,8.3,5.3,18.6,2.0,0.8,17.7,17.1,,0.0,0.6,0.6,.059,,-2.4,0.2,-2.2,0.0
2020,Malik Newman,SG,22,CLE,1,4,-11.2,.347,.500,1.000,0.0,0.0,0.0,0.0,0.0,0.0,25.8,41.4,,0.0,0.0,0.0,-0.502,,-14.6,-11.5,-26.1,0.0
2020,Georges Niang,PF,26,UTA,53,714,12.4,.616,.692,.093,1.8,13.8,8.0,7.0,0.8,0.6,9.2,16.6,,1.0,0.6,1.6,.108,,0.8,-0.2,0.6,0.5
2020,,,,,,,,,,,,,,,,,,,,,,,,,,,,
2020,Nerlens Noel,C,25,OKC,51,942,22.3,.717,.013,.397,9.6,19.7,14.8,8.4,2.7,6.7,14.7,15.3,,2.7,1.9,4.6,.234,,0.9,3.5,4.4,1.5
2020,Zach Norvell,SG,22,TOT,5,41,2.6,.402,.667,.083,0.0,16.3,7.9,10.3,2.3,0.0,19.4,16.0,,-0.1,0.0,-0.1,-0.083,,-7.1,-1.2,-8.3,-0.1
2020,Zach Norvell,SG,22,LAL,2,5,-5.6,.000,.000,.000,0.0,21.4,10.9,0.0,0.0,0.0,0.0,8.4,,0.0,0.0,0.0,-0.150,,-10.2,-2.5,-12.7,0.0
2020,Zach Norvell,SG,22,GSW,3,36,3.7,.437,.727,.091,0.0,15.6,7.5,11.7,2.7,0.0,20.8,17.1,,-0.1,0.0,-0.1,-0.073,,-6.7,-1.0,-7.7,-0.1
2020,Jaylen Nowell,SG,20,MIN,11,122,8.9,.457,.511,.267,2.5,6.3,4.3,16.5,0.0,0.7,5.6,18.0,,0.0,0.0,0.0,.016,,-3.1,-2.0,-5.1,-0.1
2020,Frank Ntilikina,PG,21,NYK,51,1058,9.3,.486,.406,.163,2.0,9.5,5.6,20.2,2.2,1.4,17.4,15.0,,-0.1,0.7,0.6,.028,,-3.9,0.5,-3.4,-0.4
2020,Kendrick Nunn,SG,24,MIA,57,1712,13.8,.545,.416,.116,1.2,8.4,4.9,19.3,1.4,0.6,10.1,23.6,,1.1,1.3,2.4,.068,,-0.6,-1.3,-1.9,0.1
2020,David Nwaba,SF,27,BRK,20,268,14.1,.627,.394,.380,3.2,13.8,8.6,4.3,1.9,3.7,8.8,14.2,,0.4,0.4,0.8,.142,,-1.0,2.1,1.1,0.2
2020,Royce O'Neale,PF,26,UTA,59,1711,9.3,.594,.633,.157,1.5,17.5,9.8,11.4,1.3,1.2,13.6,9.0,,1.7,2.1,3.7,.105,,-1.3,2.2,0.9,1.3
2020,Kyle O'Quinn,C,29,PHI,24,248,18.1,.548,.310,.211,13.3,27.8,20.6,19.6,0.8,7.5,18.8,16.7,,0.3,0.5,0.8,.156,,-0.8,2.3,1.5,0.2
2020,Semi Ojeleye,PF,25,BOS,56,798,7.1,.553,.623,.208,2.7,11.3,7.1,4.6,1.1,0.5,7.2,8.2,,0.7,0.8,1.5,.089,,-2.4,0.7,-1.7,0.1
2020,Jahlil Okafor,C,24,NOP,28,424,17.9,.631,.014,.403,11.4,18.2,14.8,12.7,0.8,3.7,17.5,19.9,,0.8,0.4,1.1,.129,,-0.6,0.5,-0.1,0.2
2020,Elie Okobo,PG,22,PHO,51,679,10.8,.518,.383,.383,2.4,11.7,7.0,21.7,1.5,0.5,15.3,15.1,,0.4,0.5,0.9,.064,,-1.8,-0.1,-1.9,0.0
2020,Josh Okogie,SG,21,MIN,56,1381,11.7,.548,.393,.495,5.5,13.1,9.2,8.9,2.1,1.4,15.1,15.6,,0.8,1.1,1.9,.066,,-2.5,0.1,-2.4,-0.1
2020,KZ Okpala,SF,20,MIA,5,26,13.7,.595,.200,.400,4.5,16.6,10.8,5.5,3.8,3.8,14.5,11.6,,0.0,0.0,0.1,.118,,-1.3,3.9,2.7,0.0
2020,Victor Oladipo,SG,27,IND,10,255,9.1,.467,.453,.222,3.0,8.6,5.8,13.4,1.5,0.3,13.5,25.6,,-0.4,0.2,-0.2,-0.032,,-3.5,-2.1,-5.6,-0.2
2020,Kelly Olynyk,C,28,MIA,54,1037,14.4,.630,.587,.257,4.1,21.9,13.4,12.6,1.7,1.7,15.0,16.7,,1.5,1.4,2.9,.133,,-0.1,1.1,1.0,0.8
2020,Miye Oni,SG,22,UTA,3,8,-5.0,,,,0.0,13.1,6.8,0.0,0.0,0.0,100.0,5.5,,0.0,0.0,0.0,-0.145,,-8.0,-2.4,-10.4,0.0
2020,Cedi Osman,SF,24,CLE,60,1723,10.7,.558,.534,.156,1.8,11.7,6.7,11.9,1.4,0.7,12.7,16.3,,1.0,0.5,1.5,.041,,-1.6,-0.9,-2.5,-0.2
2020,Kelly Oubre,SF,24,PHO,56,1933,15.0,.560,.372,.298,3.8,17.2,10.4,6.8,1.7,1.8,8.2,22.4,,1.8,2.0,3.8,.094,,-0.2,-0.3,-0.6,0.7
2020,Tariq Owens,PF,24,PHO,3,15,8.5,.340,.400,.400,14.5,7.6,11.1,0.0,3.2,0.0,0.0,16.7,,0.0,0.0,0.0,.019,,-3.1,-2.7,-5.8,0.0
2020,Jeremy Pargo,PG,33,GSW,3,44,12.7,.557,.318,.045,2.4,5.1,3.7,33.5,1.1,0.0,15.1,25.6,,0.0,0.0,0.0,.013,,-2.8,-3.0,-5.9,0.0
2020,,,,,,,,,,,,,,,,,,,,,,,,,,,,
2020,Jabari Parker,PF,24,TOT,33,852,17.0,.561,.291,.185,6.8,18.0,12.3,11.6,2.3,1.5,12.2,24.0,,0.5,0.7,1.2,.068,,0.3,-0.4,-0.1,0.4
2020,Jabari Parker,PF,24,ATL,32,837,17.2,.565,.293,.183,6.9,17.8,12.3,11.5,2.3,1.5,12.4,24.0,,0.6,0.7,1.2,.070,,0.4,-0.3,0.1,0.4
2020,Jabari Parker,PF,24,SAC,1,15,4.1,.291,.167,.333,0.0,30.9,15.0,17.5,0.0,0.0,0.0,20.0,,0.0,0.0,0.0,-0.078,,-7.0,-3.6,-10.6,0.0
2020,Chandler Parsons,SF,31,ATL,5,54,5.6,.389,.778,.000,2.0,12.1,7.0,7.5,3.4,1.5,14.3,16.1,,-0.1,0.0,-0.1,-0.065,,-4.6,-1.3,-5.9,-0.1
2020,Eric Paschall,PF,23,GSW,55,1492,13.9,.565,.197,.321,5.3,13.4,9.2,10.6,1.0,0.8,11.5,21.3,,1.1,0.5,1.7,.054,,-1.3,-2.0,-3.3,-0.5
2020,Anžejs Pasečņiks,C,24,WAS,20,370,12.3,.560,.020,.490,10.5,17.4,13.8,6.3,1.0,2.3,15.1,16.3,,0.3,0.1,0.5,.059,,-3.2,-1.7,-4.9,-0.3
2020,Patrick Patterson,PF,30,LAC,48,589,11.7,.571,.753,.187,5.2,15.2,10.3,7.1,0.5,0.4,7.5,15.0,,0.9,0.6,1.5,.119,,0.8,-0.5,0.3,0.3
2020,Justin Patton,C,22,OKC,5,24,4.7,.450,.400,.000,4.8,17.8,11.5,12.5,0.0,0.0,16.7,22.0,,0.0,0.0,0.0,-0.066,,-6.8,-3.3,-10.1,-0.1
2020,Chris Paul,PG,34,OKC,59,1871,21.6,.605,.350,.314,1.2,15.7,8.7,33.0,2.3,0.4,12.6,23.1,,5.2,2.3,7.5,.193,,3.0,1.2,4.3,3.0
2020,Elfrid Payton,PG,25,NYK,39,1084,15.4,.457,.167,.172,4.3,13.5,8.7,38.3,2.8,1.4,16.6,19.3,,0.2,1.0,1.3,.056,,-0.7,0.5,-0.2,0.5
2020,Gary Payton,PG,27,WAS,25,408,11.7,.480,.382,.073,6.4,13.3,9.7,14.4,3.7,1.5,14.3,13.5,,0.1,0.4,0.4,.053,,-2.8,1.6,-1.2,0.1
2020,Norvel Pelle,C,26,PHI,17,170,12.2,.549,.000,.364,9.7,27.6,18.7,5.6,0.3,12.4,25.4,13.0,,-0.1,0.4,0.3,.096,,-6.8,3.5,-3.3,-0.1
2020,Theo Pinson,SG,24,BRK,30,350,5.5,.377,.513,.105,3.0,11.7,7.5,22.6,2.2,0.5,16.8,22.9,,-1.0,0.4,-0.5,-0.072,,-6.7,-0.4,-7.1,-0.4
2020,Mason Plumlee,C,29,DEN,47,815,19.0,.617,.018,.561,11.1,24.1,17.6,20.0,1.5,3.1,19.7,18.4,,1.5,1.2,2.7,.160,,0.3,1.9,2.1,0.9
2020,Vincent Poirier,C,26,BOS,21,114,12.8,.540,.061,.212,9.5,22.4,16.0,8.6,0.8,4.9,14.3,15.8,,0.1,0.2,0.3,.125,,-4.4,0.6,-3.8,-0.1
2020,Jakob Pöltl,C,24,SAS,58,965,19.6,.611,.000,.339,11.5,22.9,17.2,14.5,1.5,7.7,15.2,13.3,,2.0,1.3,3.3,.166,,0.8,2.3,3.1,1.2
2020,Shamorie Ponds,PG,21,TOR,4,11,33.3,.765,.400,.400,0.0,9.4,4.8,32.0,0.0,8.8,0.0,22.8,,0.1,0.0,0.1,.454,,8.5,5.2,13.7,0.0
2020,Jordan Poole,SG,20,GSW,52,1161,6.4,.436,.529,.220,0.6,9.8,5.0,14.7,1.3,0.7,11.0,21.0,,-1.8,0.4,-1.4,-0.058,,-5.0,-2.2,-7.2,-1.5
2020,Kevin Porter,SF,19,CLE,48,1111,10.9,.538,.367,.232,2.2,13.5,7.8,13.9,2.0,1.0,16.9,20.7,,-0.3,0.6,0.3,.012,,-3.1,-0.6,-3.7,-0.5
2020,Michael Porter,PF,21,DEN,43,605,19.7,.608,.362,.150,8.8,25.5,17.1,8.0,1.4,2.9,10.6,22.2,,1.1,0.9,2.0,.157,,2.1,-0.4,1.6,0.5
2020,Otto Porter,SF,26,CHI,9,226,13.5,.544,.476,.238,3.7,11.7,7.6,9.4,1.9,1.2,7.0,18.8,,0.2,0.2,0.5,.096,,-0.4,-0.1,-0.5,0.1
2020,Bobby Portis,C,24,NYK,60,1255,14.1,.524,.332,.159,6.3,20.3,13.1,11.2,1.1,1.0,10.7,21.1,,0.7,0.8,1.5,.058,,-0.2,-1.2,-1.4,0.2
2020,,,,,,,,,,,,,,,,,,,,,,,,,,,,
2020,Kristaps Porziņģis,PF,24,DAL,46,1410,19.2,.544,.449,.293,5.7,25.7,15.9,8.0,1.1,5.3,8.6,26.4,,1.6,2.1,3.8,.128,,1.3,0.1,1.4,1.2
2020,Dwight Powell,C,28,DAL,40,1061,16.1,.677,.170,.485,7.5,14.7,11.2,7.7,1.6,1.8,11.5,12.7,,2.7,1.0,3.7,.166,,0.5,0.9,1.4,0.9
2020,Norman Powell,SG,26,TOR,39,1108,16.5,.619,.460,.236,2.1,11.7,7.0,9.4,2.1,1.2,10.6,21.0,,1.7,1.7,3.4,.147,,1.1,1.0,2.0,1.1
2020,Julius Randle,PF,25,NYK,58,1893,17.2,.531,.239,.345,7.3,24.7,15.7,16.5,1.2,1.0,14.3,27.5,,0.6,1.6,2.2,.056,,0.6,-0.9,-0.3,0.8
2020,Josh Reaves,SG,22,DAL,2,1,-40.1,.000,.000,.000,0.0,0.0,0.0,0.0,0.0,0.0,0.0,42.8,,0.0,0.0,0.0,-1.037,,-24.2,-15.1,-39.3,0.0
2020,Cam Reddish,SF,20,ATL,54,1435,8.4,.484,.453,.236,2.5,12.6,7.5,8.1,1.8,1.5,13.2,18.6,,-1.3,0.7,-0.5,-0.017,,-3.5,-0.9,-4.4,-0.9
2020,J.J. Redick,SG,35,NOP,54,1425,15.2,.639,.618,.292,0.7,9.7,5.2,10.8,0.6,0.5,9.4,20.0,,3.2,0.5,3.7,.124,,2.1,-1.7,0.4,0.9
2020,Naz Reid,C,20,MIN,24,339,15.0,.520,.453,.192,5.7,18.0,11.6,9.6,1.5,3.9,7.0,24.4,,0.2,0.3,0.5,.075,,-1.8,-0.7,-2.4,0.0
2020,Josh Richardson,SG,26,PHI,46,1434,12.1,.524,.375,.221,2.8,9.4,6.1,15.1,1.5,1.9,12.9,21.3,,0.2,1.7,1.9,.063,,-1.6,-0.2,-1.8,0.1
2020,Austin Rivers,SG,27,HOU,55,1293,10.7,.543,.541,.202,1.8,8.9,5.3,9.2,1.4,0.6,6.8,15.1,,1.3,0.9,2.2,.083,,-1.8,-0.3,-2.0,0.0
2020,Duncan Robinson,SF,25,MIA,60,1766,12.5,.667,.877,.090,0.6,11.1,6.1,7.0,0.9,0.7,8.0,15.6,,2.9,1.2,4.2,.113,,1.0,-1.0,0.0,0.9
2020,Glenn Robinson,SF,26,TOT,55,1624,13.2,.569,.328,.139,4.7,11.5,8.0,8.8,1.5,0.8,8.2,16.6,,1.6,0.8,2.4,.071,,-0.8,-1.2,-2.0,0.0
2020,Glenn Robinson,SF,26,GSW,48,1516,13.1,.574,.335,.146,4.5,11.8,8.0,8.9,1.4,0.8,8.5,16.6,,1.5,0.6,2.2,.069,,-0.6,-1.3,-1.9,0.0
2020,Glenn Robinson,SF,26,PHI,7,108,13.4,.502,.231,.051,7.1,7.1,7.1,8.4,2.7,0.8,4.8,16.8,,0.1,0.1,0.2,.100,,-2.9,-0.4,-3.2,0.0
2020,Jerome Robinson,SG,22,TOT,50,621,5.5,.430,.481,.126,1.2,14.0,7.6,11.8,1.3,1.5,13.8,15.0,,-0.7,0.6,0.0,-0.004,,-5.0,0.3,-4.7,-0.4
2020,Jerome Robinson,SG,22,LAC,42,476,4.8,.423,.493,.140,1.1,11.6,6.5,12.6,1.3,1.5,15.3,14.8,,-0.6,0.6,0.0,-0.002,,-5.5,0.5,-4.9,-0.4
2020,Jerome Robinson,SG,22,WAS,8,145,7.6,.451,.447,.085,1.4,21.8,11.2,9.0,1.3,1.8,9.3,15.4,,-0.1,0.1,0.0,-0.009,,-3.4,-0.4,-3.8,-0.1
2020,Justin Robinson,PG,22,WAS,9,49,8.3,.542,.417,.000,2.1,9.2,5.5,18.4,0.0,1.8,20.0,12.7,,0.0,0.0,0.0,.005,,-2.4,-3.2,-5.7,0.0
2020,Mitchell Robinson,C,21,NYK,56,1287,23.2,.718,.000,.416,13.5,19.0,16.1,4.3,1.9,8.1,8.9,13.3,,4.2,1.8,6.1,.226,,1.3,1.6,2.9,1.6
2020,Isaiah Roby,SF,21,OKC,3,11,-7.7,.000,.000,.000,0.0,19.4,10.0,0.0,0.0,0.0,50.0,8.0,,-0.1,0.0,0.0,-0.192,,-12.0,-3.5,-15.5,0.0
2020,Rajon Rondo,PG,33,LAL,43,898,13.4,.505,.379,.131,2.7,13.6,8.3,33.1,2.1,0.2,20.6,18.7,,0.4,1.2,1.6,.087,,-0.6,0.1,-0.4,0.4
2020,Derrick Rose,PG,31,DET,49,1288,21.0,.554,.195,.183,2.3,8.1,5.2,40.2,1.5,1.0,13.4,31.5,,1.9,0.6,2.5,.095,,3.9,-1.8,2.1,1.4
2020,Terrence Ross,SG,28,ORL,58,1568,13.4,.530,.583,.207,0.9,12.4,6.4,6.8,2.0,1.1,6.8,22.8,,0.4,1.8,2.2,.068,,-0.7,-0.2,-0.9,0.4
2020,Terry Rozier,PG,25,CHO,58,1976,14.5,.547,.449,.210,2.4,12.3,7.1,20.5,1.5,0.5,12.5,23.6,,1.5,1.0,2.5,.060,,0.4,-1.2,-0.7,0.6
2020,,,,,,,,,,,,,,,,,,,,,,,,,,,,
2020,Ricky Rubio,PG,29,PHO,53,1660,15.7,.520,.303,.321,2.6,13.6,8.0,39.7,2.3,0.5,18.4,20.2,,1.8,1.6,3.4,.099,,0.2,0.2,0.4,1.0
2020,D'Angelo Russell,PG,23,TOT,39,1260,19.8,.566,.509,.229,1.2,11.5,6.2,37.0,1.5,0.8,12.9,31.7,,1.5,0.6,2.0,.077,,4.5,-2.0,2.6,1.4
2020,D'Angelo Russell,PG,23,GSW,33,1060,19.2,.558,.506,.227,1.4,11.4,6.2,36.3,1.4,0.8,12.6,32.1,,0.9,0.4,1.3,.061,,4.5,-2.0,2.4,1.2
2020,D'Angelo Russell,PG,23,MIN,6,200,23.0,.610,.532,.243,0.5,12.0,6.1,41.1,1.9,1.2,14.6,29.6,,0.5,0.1,0.7,.164,,5.1,-1.8,3.2,0.3
2020,Domantas Sabonis,C,23,IND,57,1967,21.0,.587,.079,.353,9.8,30.0,20.0,21.6,1.1,1.3,14.4,23.3,,4.1,3.1,7.2,.175,,2.2,1.1,3.3,2.7
2020,JaKarr Sampson,SF,26,IND,22,280,10.8,.594,.176,.147,4.4,13.7,9.1,2.0,1.4,2.8,7.7,12.3,,0.2,0.4,0.6,.099,,-3.3,0.9,-2.5,0.0
2020,Dario Šarić,PF,25,PHO,54,1316,12.5,.553,.462,.192,6.7,20.4,13.4,11.3,1.1,0.9,12.8,17.1,,1.0,1.1,2.2,.079,,-0.9,-0.4,-1.3,0.2
2020,Tomáš Satoranský,PG,28,CHI,60,1737,14.0,.543,.370,.230,3.9,10.6,7.1,27.6,2.1,0.4,17.3,16.6,,2.0,1.5,3.6,.099,,-0.9,-0.1,-1.0,0.5
2020,Admiral Schofield,SF,22,WAS,26,292,6.8,.514,.627,.173,2.2,10.8,6.3,6.2,1.3,0.9,8.0,12.4,,0.1,0.0,0.1,.019,,-4.2,-1.1,-5.3,-0.2
2020,Dennis Schröder,PG,26,OKC,59,1827,16.6,.575,.342,.233,1.2,11.9,6.7,21.4,1.0,0.6,13.7,26.9,,1.7,1.5,3.2,.084,,1.1,-1.2,-0.2,0.9
2020,Mike Scott,PF,31,PHI,58,979,9.5,.527,.654,.095,5.1,16.1,10.6,4.6,0.8,0.3,6.6,13.9,,0.6,1.0,1.6,.080,,-1.7,-0.9,-2.7,-0.2
2020,Thabo Sefolosha,PF,35,HOU,40,428,9.9,.492,.600,.089,5.1,17.6,11.4,7.6,2.6,2.4,13.0,10.4,,0.1,0.6,0.7,.083,,-2.5,1.8,-0.7,0.1
2020,Collin Sexton,SG,21,CLE,60,1942,15.9,.550,.235,.244,3.4,7.3,5.3,14.5,1.4,0.3,11.0,26.9,,1.8,0.3,2.1,.052,,0.1,-2.2,-2.1,-0.1
2020,Landry Shamet,SG,22,LAC,42,1213,9.7,.619,.765,.177,0.4,6.6,3.6,8.6,0.7,0.6,8.5,13.2,,1.8,1.0,2.8,.109,,-1.1,-0.2,-1.3,0.2
2020,Marial Shayok,SG,24,PHI,2,10,-1.9,.300,.600,.000,0.0,32.8,16.5,13.5,0.0,0.0,16.7,25.9,,-0.1,0.0,0.0,-0.223,,-8.9,-2.6,-11.5,0.0
2020,Iman Shumpert,SG,29,BRK,13,241,5.3,.403,.516,.109,3.9,10.4,7.3,6.7,2.4,0.7,13.0,13.4,,-0.3,0.3,0.0,-0.002,,-6.3,0.8,-5.5,-0.2
2020,Pascal Siakam,PF,25,TOR,48,1684,19.1,.560,.312,.265,3.5,18.7,11.3,16.5,1.3,2.6,10.1,28.7,,2.0,2.9,4.9,.139,,2.0,0.5,2.5,1.9
2020,Chris Silva,PF,23,MIA,39,306,17.2,.663,.029,.710,20.7,19.3,20.0,10.1,1.4,5.8,25.5,17.5,,0.7,0.5,1.1,.177,,-3.3,0.8,-2.6,0.0
2020,Ben Simmons,PG,23,PHI,54,1930,20.8,.608,.010,.460,6.2,17.8,12.0,35.0,2.9,1.4,20.6,20.9,,3.8,3.3,7.1,.178,,1.4,2.5,3.8,2.8
2020,Anfernee Simons,SG,20,POR,60,1323,9.1,.503,.413,.174,1.8,9.4,5.6,9.4,0.8,0.6,9.9,19.1,,0.0,0.2,0.2,.006,,-2.5,-1.9,-4.5,-0.8
2020,Alen Smailagić,PF,19,GSW,14,139,14.5,.610,.325,.475,7.5,13.7,10.5,14.4,1.0,2.6,18.5,18.2,,0.2,0.1,0.2,.082,,-1.4,-0.8,-2.2,0.0
2020,Marcus Smart,SG,25,BOS,48,1542,14.0,.519,.586,.197,2.5,9.8,6.2,21.2,2.5,1.4,11.6,18.7,,1.6,2.2,3.8,.118,,0.2,1.5,1.7,1.4
2020,,,,,,,,,,,,,,,,,,,,,,,,,,,,
2020,Dennis Smith,PG,22,NYK,34,537,7.5,.399,.256,.251,4.0,11.7,7.7,26.6,2.5,1.4,19.8,23.1,,-1.3,0.5,-0.9,-0.079,,-5.2,-1.0,-6.2,-0.6
2020,Ish Smith,PG,31,WAS,58,1528,13.7,.510,.263,.120,1.9,11.4,6.5,25.2,1.6,1.3,11.0,18.2,,1.3,0.4,1.6,.052,,-0.2,-1.2,-1.4,0.2
2020,Zhaire Smith,SG,20,PHI,7,32,1.1,.313,.273,.364,0.0,6.8,3.4,8.4,4.5,0.0,13.6,19.9,,-0.1,0.1,-0.1,-0.114,,-11.0,0.8,-10.2,-0.1
2020,Tony Snell,SF,28,DET,54,1482,9.7,.607,.670,.072,0.6,6.9,3.7,10.2,0.9,0.7,7.0,11.3,,2.0,0.4,2.4,.077,,-1.0,-0.7,-1.8,0.1
2020,Omari Spellman,PF,22,GSW,49,886,14.4,.551,.373,.312,9.0,18.0,13.3,8.2,1.8,2.4,13.9,18.7,,0.5,0.7,1.2,.067,,-0.8,-1.1,-1.9,0.0
2020,Max Strus,SG,23,CHI,2,6,30.8,.727,.333,.333,17.6,0.0,9.2,0.0,0.0,0.0,0.0,24.5,,0.0,0.0,0.0,.316,,5.3,-1.0,4.3,0.0
2020,Edmond Sumner,PG,24,IND,20,268,10.2,.502,.325,.163,3.3,8.6,6.0,14.1,2.4,2.0,14.9,16.5,,-0.1,0.3,0.3,.049,,-3.6,0.7,-2.9,-0.1
2020,Caleb Swanigan,PF,22,TOT,22,241,8.5,.581,.044,.378,11.3,24.5,17.9,10.5,0.6,2.2,34.8,14.2,,-0.1,0.2,0.1,.016,,-5.9,-0.3,-6.2,-0.3
2020,Caleb Swanigan,PF,22,SAC,7,23,0.0,.512,.000,.500,9.5,25.2,17.1,11.7,2.1,8.2,55.1,20.6,,-0.1,0.0,-0.1,-0.174,,-14.6,3.3,-11.3,-0.1
2020,Caleb Swanigan,PF,22,POR,15,218,9.4,.588,.049,.366,11.5,24.4,18.0,10.3,0.4,1.5,31.6,13.5,,0.0,0.1,0.2,.036,,-5.0,-0.6,-5.6,-0.2
2020,Jayson Tatum,PF,21,BOS,55,1897,20.5,.566,.379,.254,3.2,18.8,11.1,13.8,1.9,2.5,9.7,28.5,,2.9,3.1,6.0,.152,,3.4,0.5,3.9,2.8
2020,Jeff Teague,PG,31,TOT,54,1366,14.5,.553,.243,.416,1.9,8.4,5.1,31.2,1.5,1.0,17.2,19.4,,1.8,0.5,2.3,.081,,-0.4,-1.3,-1.7,0.1
2020,Jeff Teague,PG,31,MIN,34,945,16.0,.578,.269,.444,1.6,8.4,4.9,32.7,1.2,1.1,16.4,20.2,,1.7,0.4,2.1,.109,,0.6,-1.2,-0.6,0.3
2020,Jeff Teague,PG,31,ATL,20,421,11.2,.486,.176,.344,2.5,8.5,5.5,27.9,2.0,0.8,19.1,17.5,,0.0,0.2,0.2,.019,,-2.6,-1.6,-4.2,-0.2
2020,Garrett Temple,SG,33,BRK,54,1525,10.4,.510,.658,.137,1.9,10.5,6.3,12.9,1.3,1.4,9.1,16.6,,0.6,1.6,2.1,.067,,-1.4,0.4,-1.0,0.4
2020,Daniel Theis,C,27,BOS,53,1247,17.8,.617,.222,.277,10.5,19.9,15.3,9.6,1.3,5.1,10.5,14.7,,3.0,2.2,5.2,.201,,0.2,1.8,2.0,1.3
2020,Isaiah Thomas,PG,30,WAS,40,925,11.7,.531,.444,.178,1.2,6.9,4.0,22.8,0.7,0.6,14.4,24.0,,0.2,-0.2,0.0,.001,,-0.4,-4.0,-4.4,-0.6
2020,Khyri Thomas,SG,23,DET,4,21,5.0,.595,.800,.400,0.0,0.0,0.0,6.6,0.0,0.0,14.5,14.3,,0.0,0.0,0.0,.003,,-3.3,-3.5,-6.7,0.0
2020,Matt Thomas,SG,25,TOR,28,286,14.7,.686,.701,.082,1.9,11.9,7.0,8.3,1.2,0.0,9.0,16.5,,0.6,0.4,0.9,.159,,1.9,0.6,2.5,0.3
2020,Tristan Thompson,C,28,CLE,55,1675,17.1,.545,.038,.282,14.7,22.6,18.6,10.4,1.0,2.4,13.9,18.3,,2.1,1.0,3.1,.090,,0.0,-1.4,-1.5,0.2
2020,Matisse Thybulle,SG,22,PHI,52,1021,9.4,.526,.610,.174,3.1,5.2,4.2,7.9,3.5,3.3,15.5,11.5,,0.0,1.8,1.8,.084,,-3.3,3.4,0.1,0.6
2020,Anthony Tolliver,PF,34,TOT,42,636,6.6,.482,.776,.157,4.8,15.0,9.9,6.4,0.9,1.3,14.9,11.2,,-0.1,0.3,0.2,.016,,-3.1,-0.9,-4.0,-0.3
2020,Anthony Tolliver,PF,34,POR,33,554,7.6,.515,.761,.162,5.1,15.3,10.3,6.6,0.7,1.4,14.3,11.2,,0.2,0.2,0.4,.033,,-2.4,-0.9,-3.3,-0.2
2020,Anthony Tolliver,PF,34,SAC,9,82,0.3,.252,.882,.118,2.7,12.7,7.6,4.6,2.4,1.2,18.3,11.6,,-0.2,0.1,-0.2,-0.098,,-7.8,-0.9,-8.8,-0.1
2020,Juan Toscano-Anderson,SF,26,GSW,8,172,10.6,.577,.333,.119,1.8,18.3,9.7,13.9,2.8,1.6,21.4,13.9,,0.0,0.2,0.1,.038,,-3.7,0.6,-3.1,0.0
2020,Karl-Anthony Towns,C,24,MIN,35,1187,26.6,.642,.445,.363,8.1,26.0,16.8,23.0,1.3,2.9,13.2,28.8,,3.8,1.3,5.1,.207,,7.1,0.8,7.8,2.9
2020,,,,,,,,,,,,,,,,,,,,,,,,,,,,
2020,Gary Trent,SG,21,POR,48,936,12.0,.565,.591,.099,2.0,6.3,4.2,6.2,1.9,1.0,5.1,15.1,,1.2,0.3,1.5,.076,,-0.3,-0.4,-0.7,0.3
2020,Allonzo Trier,PG,24,NYK,23,279,14.3,.620,.490,.422,1.8,9.1,5.3,13.9,0.5,1.3,15.4,21.7,,0.4,0.1,0.5,.081,,0.6,-1.3,-0.8,0.1
2020,P.J. Tucker,PF,34,HOU,59,2041,9.0,.589,.681,.124,4.8,16.1,10.4,5.8,1.5,1.2,14.2,8.8,,1.8,2.1,3.9,.092,,-2.0,0.7,-1.3,0.4
2020,Rayjon Tucker,SG,22,UTA,14,78,4.5,.448,.316,.263,2.9,14.7,9.1,3.5,0.6,0.0,12.4,13.6,,-0.1,0.1,0.0,-0.008,,-6.7,-1.2,-7.9,-0.1
2020,Evan Turner,PG,31,ATL,19,251,6.8,.424,.075,.209,3.4,13.0,8.1,20.5,1.7,2.7,26.2,16.4,,-0.5,0.1,-0.3,-0.063,,-4.8,-0.7,-5.6,-0.2
2020,Myles Turner,C,23,IND,50,1463,14.4,.555,.453,.275,4.9,19.2,12.1,5.4,1.3,6.2,10.8,17.6,,0.8,2.4,3.2,.106,,-0.9,0.9,0.0,0.7
2020,Jonas Valančiūnas,C,27,MEM,57,1483,21.7,.617,.126,.233,12.1,31.8,22.1,10.5,0.8,3.7,12.6,21.6,,3.1,2.0,5.1,.166,,1.9,-0.1,1.8,1.4
2020,Denzel Valentine,SF,26,CHI,31,376,12.9,.520,.616,.029,1.4,16.9,8.8,14.3,2.6,1.2,10.3,22.0,,0.0,0.5,0.4,.057,,-0.7,0.6,-0.1,0.2
2020,Jarred Vanderbilt,SF-PF,20,TOT,11,46,7.6,.676,.125,.250,7.2,14.4,10.8,5.9,3.2,2.0,44.1,14.9,,-0.1,0.1,0.0,-0.019,,-6.6,0.7,-5.9,0.0
2020,Jarred Vanderbilt,SF,20,DEN,9,41,7.2,.714,.000,.000,8.1,13.5,10.8,6.6,3.6,2.2,50.0,14.8,,-0.1,0.1,0.0,-0.034,,-7.0,1.1,-5.9,0.0
2020,Jarred Vanderbilt,PF,20,MIN,2,5,11.2,.532,1.000,2.000,0.0,21.8,10.5,0.0,0.0,0.0,0.0,15.5,,0.0,0.0,0.0,.105,,-3.0,-3.1,-6.1,0.0
2020,Fred VanVleet,PG,25,TOR,48,1719,16.0,.546,.482,.237,1.1,9.7,5.5,27.3,2.5,0.7,12.4,22.0,,2.3,2.7,5.0,.139,,1.1,1.2,2.4,1.9
2020,Gabe Vincent,PG,23,MIA,4,41,1.3,.316,.842,.000,0.0,7.9,4.1,10.2,1.2,0.0,0.0,20.4,,-0.1,0.0,-0.1,-0.108,,-6.8,-3.0,-9.8,-0.1
2020,Noah Vonleh,C-PF,24,TOT,32,363,15.6,.621,.169,.337,10.1,25.8,17.7,10.8,1.4,1.4,17.0,14.0,,0.6,0.4,1.0,.126,,-1.2,0.4,-0.8,0.1
2020,Noah Vonleh,C,24,MIN,29,347,15.3,.605,.163,.326,10.0,25.8,17.6,10.8,1.5,1.4,16.2,13.9,,0.6,0.3,0.9,.124,,-1.4,0.4,-1.0,0.1
2020,Noah Vonleh,PF,24,DEN,3,16,20.9,1.031,.333,.667,13.8,27.7,20.8,9.3,0.0,0.0,34.0,15.9,,0.0,0.0,0.1,.163,,3.4,-0.7,2.7,0.0
2020,Nikola Vučević,C,29,ORL,49,1587,21.3,.533,.283,.156,7.8,28.4,17.8,19.9,1.3,2.6,7.5,25.9,,2.4,2.4,4.8,.144,,3.2,0.7,3.8,2.4
2020,Dean Wade,PF,23,CLE,10,54,13.9,.766,.300,.100,4.1,29.0,16.4,2.6,1.8,4.7,22.3,10.6,,0.0,0.1,0.1,.096,,-2.1,0.7,-1.4,0.0
2020,Moritz Wagner,C,22,WAS,31,606,17.0,.667,.314,.338,6.7,24.4,15.2,10.1,1.4,2.3,17.7,19.7,,1.0,0.4,1.5,.115,,-1.0,-0.3,-1.3,0.1
2020,Dion Waiters,SG,28,MIA,3,42,13.6,.530,.654,.038,0.0,28.2,14.7,12.3,0.0,4.7,10.2,30.8,,-0.1,0.1,0.0,.001,,2.4,-0.6,1.8,0.0
2020,Kemba Walker,PG,29,BOS,46,1481,21.0,.579,.520,.270,2.3,11.3,6.9,24.7,1.5,1.6,10.1,27.8,,3.7,1.8,5.5,.178,,5.4,-0.1,5.3,2.7
2020,Lonnie Walker,SG,21,SAS,50,708,10.9,.512,.258,.210,3.0,12.7,7.9,7.7,1.7,1.5,9.5,18.6,,0.0,0.4,0.4,.027,,-2.6,-0.8,-3.4,-0.3
2020,Tyrone Wallace,SG,25,ATL,14,160,3.9,.389,.341,.386,2.0,12.9,7.4,10.8,2.0,0.5,16.3,15.9,,-0.3,0.1,-0.2,-0.074,,-7.6,-1.0,-8.7,-0.3
2020,Taurean Waller-Prince,SF,25,BRK,59,1728,9.8,.510,.593,.115,2.8,17.8,10.5,9.6,1.5,1.1,14.1,20.1,,-1.2,2.2,1.1,.030,,-2.4,0.0,-2.4,-0.2
2020,,,,,,,,,,,,,,,,,,,,,,,,,,,,
2020,Derrick Walton,PG,24,TOT,25,235,8.3,.596,.605,.237,0.9,6.0,3.5,13.4,1.0,0.0,8.7,8.1,,0.3,0.2,0.5,.106,,-2.5,0.8,-1.6,0.0
2020,Derrick Walton,PG,24,LAC,23,222,8.4,.626,.583,.250,0.9,5.9,3.5,12.6,0.8,0.0,9.1,8.2,,0.4,0.2,0.5,.113,,-2.3,0.8,-1.5,0.0
2020,Derrick Walton,PG,24,DET,2,13,6.2,.000,1.000,.000,0.0,8.8,4.4,28.2,3.8,0.0,0.0,6.7,,0.0,0.0,0.0,-0.013,,-5.6,1.5,-4.1,0.0
2020,Brad Wanamaker,PG,30,BOS,58,1100,12.2,.559,.279,.367,1.7,9.6,5.7,18.8,1.9,0.9,15.6,15.7,,1.2,1.4,2.6,.114,,-2.0,1.0,-1.1,0.3
2020,T.J. Warren,SF,26,IND,57,1845,17.5,.601,.211,.217,3.2,9.8,6.5,7.0,1.8,1.2,7.4,22.7,,3.0,2.1,5.1,.132,,0.5,-0.1,0.4,1.1
2020,P.J. Washington,PF,21,CHO,52,1575,12.2,.546,.365,.234,3.3,16.9,9.8,11.2,1.6,2.3,13.1,18.1,,0.3,1.3,1.7,.051,,-2.0,0.1,-1.8,0.1
2020,Yuta Watanabe,SG,25,MEM,12,82,5.7,.411,.227,.364,3.9,12.7,8.4,4.6,1.1,1.1,3.8,13.5,,-0.1,0.1,0.0,-0.001,,-5.3,-0.9,-6.1,-0.1
2020,Tremont Waters,PG,22,BOS,9,73,8.2,.457,.536,.214,0.0,10.2,5.1,19.1,3.3,2.5,20.7,22.6,,-0.1,0.1,0.0,-0.012,,-5.9,1.3,-4.6,0.0
2020,Paul Watson,SF-SG,25,TOT,5,25,-0.4,.056,.500,.250,0.0,16.9,8.5,23.8,1.9,3.9,0.0,14.8,,-0.1,0.0,-0.1,-0.180,,-8.0,0.8,-7.2,0.0
2020,Paul Watson,SG,25,ATL,2,17,-7.0,.000,.429,.000,0.0,12.8,6.3,21.1,2.7,0.0,0.0,17.1,,-0.1,0.0,-0.1,-0.320,,-12.3,-1.6,-13.8,-0.1
2020,Paul Watson,SF,25,TOR,3,8,13.6,.266,1.000,2.000,0.0,25.7,13.1,29.7,0.0,12.0,0.0,10.0,,0.0,0.0,0.0,.117,,1.2,5.8,7.0,0.0
2020,Quinndary Weatherspoon,SG,23,SAS,1,4,-9.9,.000,.000,.000,0.0,0.0,0.0,0.0,0.0,0.0,0.0,10.8,,0.0,0.0,0.0,-0.284,,-12.0,-8.7,-20.8,0.0
2020,Russell Westbrook,PG,31,HOU,49,1767,21.7,.538,.171,.284,4.9,18.1,11.5,35.5,2.2,0.8,14.6,34.3,,2.2,2.2,4.4,.118,,1.9,0.0,2.0,1.8
2020,Coby White,SG,19,CHI,60,1496,11.6,.503,.483,.168,1.9,14.1,7.7,15.2,1.5,0.4,11.2,23.8,,-0.5,1.2,0.8,.024,,-1.5,-1.4,-2.9,-0.4
2020,Derrick White,SG,25,SAS,56,1338,15.5,.577,.339,.363,2.3,12.0,7.1,19.2,1.2,2.9,11.2,17.8,,2.3,0.8,3.1,.110,,0.7,0.0,0.7,0.9
2020,Hassan Whiteside,C,30,POR,56,1742,24.9,.636,.008,.338,13.5,33.4,23.6,6.1,0.6,8.3,13.2,19.7,,4.6,2.7,7.3,.202,,2.4,0.8,3.3,2.3
2020,Andrew Wiggins,SF-SG,24,TOT,49,1682,16.4,.535,.341,.269,3.5,12.3,7.8,18.0,1.1,2.4,10.8,27.6,,0.8,1.0,1.8,.051,,1.2,-1.4,-0.2,0.7
2020,Andrew Wiggins,SF,24,MIN,42,1455,16.2,.535,.348,.262,3.4,12.8,7.9,18.2,0.9,2.1,10.8,28.0,,0.7,0.8,1.4,.048,,1.2,-1.6,-0.3,0.6
2020,Andrew Wiggins,SG,24,GSW,7,227,18.3,.541,.290,.318,4.6,8.9,6.7,16.7,2.5,4.3,10.3,25.5,,0.1,0.2,0.3,.072,,1.2,-0.5,0.6,0.2
2020,Grant Williams,PF,21,BOS,57,886,8.2,.519,.434,.295,6.7,11.6,9.2,8.5,1.3,3.2,18.4,11.5,,0.3,1.2,1.5,.080,,-3.8,1.2,-2.6,-0.1
2020,Johnathan Williams,C,24,WAS,11,135,14.4,.643,.080,.200,11.6,23.4,17.3,5.8,0.3,3.9,12.8,9.6,,0.3,0.1,0.3,.115,,-0.3,-1.4,-1.7,0.0
2020,Kenrich Williams,PF,25,NOP,35,779,7.7,.430,.671,.168,6.6,17.5,12.0,8.4,1.5,2.2,12.0,9.2,,0.1,0.7,0.8,.050,,-3.1,0.9,-2.3,0.0
2020,Lou Williams,SG,33,LAC,56,1659,17.2,.545,.335,.362,1.7,8.9,5.4,30.2,1.0,0.5,14.6,28.7,,2.0,1.6,3.6,.104,,2.1,-1.5,0.6,1.1
2020,Marvin Williams,PF,33,TOT,47,910,12.0,.591,.574,.221,2.2,13.7,7.8,7.7,1.8,2.3,9.2,13.6,,1.0,0.9,1.9,.099,,-1.5,0.8,-0.7,0.3
2020,Marvin Williams,PF,33,CHO,41,808,11.8,.593,.557,.238,1.9,13.1,7.3,7.8,1.6,2.5,9.7,13.9,,0.8,0.6,1.5,.086,,-1.6,0.3,-1.3,0.1
2020,Marvin Williams,PF,33,MIL,6,102,13.8,.580,.720,.080,4.1,18.1,11.6,7.3,3.6,0.9,3.7,10.9,,0.2,0.3,0.4,.198,,0.0,4.5,4.5,0.2
2020,Robert Williams,C,22,BOS,19,269,18.2,.671,.000,.286,9.3,25.3,17.4,10.7,3.1,7.2,22.5,11.3,,0.4,0.7,1.1,.195,,-0.9,4.7,3.8,0.4
2020,Nigel Williams-Goss,PG,25,UTA,9,28,5.7,.254,.286,.286,8.2,11.2,9.7,22.3,1.7,3.0,20.2,15.4,,-0.1,0.0,0.0,-0.044,,-5.0,1.1,-3.9,0.0
2020,,,,,,,,,,,,,,,,,,,,,,,,,,,,
2020,Zion Williamson,PF,19,NOP,14,400,25.2,.616,.056,.535,11.8,13.2,12.5,14.2,1.3,1.0,11.9,31.0,,1.0,0.3,1.3,.154,,3.9,-1.8,2.1,0.4
2020,D.J. Wilson,PF,23,MIL,29,255,8.4,.479,.533,.100,3.7,18.1,11.4,10.2,0.4,1.7,13.0,17.5,,-0.2,0.5,0.3,.056,,-3.7,0.2,-3.6,-0.1
2020,Justise Winslow,SF,23,MIA,11,352,8.6,.440,.209,.209,5.3,17.4,11.6,18.5,1.0,1.4,14.6,20.6,,-0.4,0.3,0.0,-0.003,,-3.4,-0.1,-3.5,-0.1
2020,Christian Wood,PF,24,DET,57,1140,22.8,.654,.278,.520,8.9,25.3,17.0,7.3,1.2,3.7,11.9,22.4,,3.1,1.3,4.5,.188,,3.1,-0.2,2.9,1.4
2020,Delon Wright,SG,27,DAL,58,1228,16.4,.562,.293,.246,5.3,13.1,9.3,21.3,2.4,1.3,12.5,15.1,,2.5,1.3,3.8,.150,,0.8,1.5,2.3,1.3
2020,Justin Wright-Foreman,PG,22,UTA,1,2,0.0,,,,0.0,0.0,0.0,0.0,0.0,0.0,,0.0,,0.0,0.0,0.0,.010,,-6.0,-0.9,-6.9,0.0
2020,Thaddeus Young,PF,31,CHI,59,1455,13.1,.524,.369,.111,6.2,15.8,10.7,10.9,2.7,1.3,14.2,19.6,,-0.2,1.8,1.7,.055,,-1.5,0.1,-1.4,0.2
2020,Trae Young,PG,21,ATL,56,1981,24.5,.598,.454,.448,1.6,11.7,6.6,46.1,1.5,0.3,16.0,34.8,,5.4,0.6,6.0,.145,,6.5,-2.1,4.3,3.2
2020,Cody Zeller,C,27,CHO,53,1224,18.5,.567,.160,.347,12.5,21.2,16.6,10.9,1.5,1.8,11.3,20.9,,2.0,1.1,3.1,.123,,0.1,-0.9,-0.9,0.3
2020,Ante Žižić,C,23,CLE,19,185,18.9,.651,.000,.271,8.3,27.8,18.0,5.1,1.8,2.3,13.2,17.5,,0.4,0.2,0.5,.141,,-0.5,-0.4,-0.9,0.1
2020,Ivica Zubac,C,22,LAC,59,1064,20.6,.630,.006,.395,15.2,25.3,20.4,8.8,0.5,4.6,11.8,16.5,,3.1,1.8,4.9,.223,,1.1,0.8,2.0,1.1
